  0
SECTION
  2
HEADER
  9
$ACADVER
  1
AC1032
  9
$ACADMAINTVER
 90
      427
  9
$DWGCODEPAGE
  3
ANSI_1253
  9
$LASTSAVEDBY
  1
ioanidis
  9
$REQUIREDVERSIONS
160
                 0
  9
$INSBASE
 10
0.0
 20
0.0
 30
0.0
  9
$EXTMIN
 10
586509.504366252
 20
3917389.088032991
 30
0.0
  9
$EXTMAX
 10
591649.8573036429
 20
3918331.866616609
 30
0.0
  9
$LIMMIN
 10
0.0
 20
0.0
  9
$LIMMAX
 10
12.0
 20
9.0
  9
$ORTHOMODE
 70
     0
  9
$REGENMODE
 70
     1
  9
$FILLMODE
 70
     1
  9
$QTEXTMODE
 70
     0
  9
$MIRRTEXT
 70
     0
  9
$LTSCALE
 40
1.0
  9
$ATTMODE
 70
     1
  9
$TEXTSIZE
 40
0.2
  9
$TRACEWID
 40
0.05
  9
$TEXTSTYLE
  7
Standard
  9
$CLAYER
  8
0
  9
$CELTYPE
  6
ByLayer
  9
$CECOLOR
 62
   256
  9
$CELTSCALE
 40
1.0
  9
$DISPSILH
 70
     0
  9
$DIMSCALE
 40
1.0
  9
$DIMASZ
 40
0.18
  9
$DIMEXO
 40
0.0625
  9
$DIMDLI
 40
0.38
  9
$DIMRND
 40
0.0
  9
$DIMDLE
 40
0.0
  9
$DIMEXE
 40
0.18
  9
$DIMTP
 40
0.0
  9
$DIMTM
 40
0.0
  9
$DIMTXT
 40
0.18
  9
$DIMCEN
 40
0.09
  9
$DIMTSZ
 40
0.0
  9
$DIMTOL
 70
     0
  9
$DIMLIM
 70
     0
  9
$DIMTIH
 70
     1
  9
$DIMTOH
 70
     1
  9
$DIMSE1
 70
     0
  9
$DIMSE2
 70
     0
  9
$DIMTAD
 70
     0
  9
$DIMZIN
 70
     0
  9
$DIMBLK
  1

  9
$DIMASO
 70
     1
  9
$DIMSHO
 70
     1
  9
$DIMPOST
  1

  9
$DIMAPOST
  1

  9
$DIMALT
 70
     0
  9
$DIMALTD
 70
     2
  9
$DIMALTF
 40
25.4
  9
$DIMLFAC
 40
1.0
  9
$DIMTOFL
 70
     0
  9
$DIMTVP
 40
0.0
  9
$DIMTIX
 70
     0
  9
$DIMSOXD
 70
     0
  9
$DIMSAH
 70
     0
  9
$DIMBLK1
  1

  9
$DIMBLK2
  1

  9
$DIMSTYLE
  2
Standard
  9
$DIMCLRD
 70
     0
  9
$DIMCLRE
 70
     0
  9
$DIMCLRT
 70
     0
  9
$DIMTFAC
 40
1.0
  9
$DIMGAP
 40
0.09
  9
$DIMJUST
 70
     0
  9
$DIMSD1
 70
     0
  9
$DIMSD2
 70
     0
  9
$DIMTOLJ
 70
     1
  9
$DIMTZIN
 70
     0
  9
$DIMALTZ
 70
     0
  9
$DIMALTTZ
 70
     0
  9
$DIMUPT
 70
     0
  9
$DIMDEC
 70
     4
  9
$DIMTDEC
 70
     4
  9
$DIMALTU
 70
     2
  9
$DIMALTTD
 70
     2
  9
$DIMTXSTY
  7
Standard
  9
$DIMAUNIT
 70
     0
  9
$DIMADEC
 70
     0
  9
$DIMALTRND
 40
0.0
  9
$DIMAZIN
 70
     0
  9
$DIMDSEP
 70
    46
  9
$DIMATFIT
 70
     3
  9
$DIMFRAC
 70
     0
  9
$DIMLDRBLK
  1

  9
$DIMLUNIT
 70
     2
  9
$DIMLWD
 70
    -2
  9
$DIMLWE
 70
    -2
  9
$DIMTMOVE
 70
     0
  9
$DIMFXL
 40
1.0
  9
$DIMFXLON
 70
     0
  9
$DIMJOGANG
 40
0.7853981633974483
  9
$DIMTFILL
 70
     0
  9
$DIMTFILLCLR
 70
     0
  9
$DIMARCSYM
 70
     0
  9
$DIMLTYPE
  6

  9
$DIMLTEX1
  6

  9
$DIMLTEX2
  6

  9
$DIMTXTDIRECTION
 70
     0
  9
$LUNITS
 70
     2
  9
$LUPREC
 70
     4
  9
$SKETCHINC
 40
0.1
  9
$FILLETRAD
 40
0.0
  9
$AUNITS
 70
     0
  9
$AUPREC
 70
     0
  9
$MENU
  1
.
  9
$ELEVATION
 40
0.0
  9
$PELEVATION
 40
0.0
  9
$THICKNESS
 40
0.0
  9
$LIMCHECK
 70
     0
  9
$CHAMFERA
 40
0.0
  9
$CHAMFERB
 40
0.0
  9
$CHAMFERC
 40
0.0
  9
$CHAMFERD
 40
0.0
  9
$SKPOLY
 70
     0
  9
$TDCREATE
 40
2461299.664826389
  9
$TDUCREATE
 40
2461299.539826389
  9
$TDUPDATE
 40
2461301.752060185
  9
$TDUUPDATE
 40
2461301.627060185
  9
$TDINDWG
 40
0.0022337963
  9
$TDUSRTIMER
 40
0.0022337963
  9
$USRTIMER
 70
     1
  9
$ANGBASE
 50
0.0
  9
$ANGDIR
 70
     0
  9
$PDMODE
 70
     0
  9
$PDSIZE
 40
0.0
  9
$PLINEWID
 40
0.0
  9
$SPLFRAME
 70
     0
  9
$SPLINETYPE
 70
     6
  9
$SPLINESEGS
 70
     8
  9
$HANDSEED
  5
A56
  9
$SURFTAB1
 70
     6
  9
$SURFTAB2
 70
     6
  9
$SURFTYPE
 70
     6
  9
$SURFU
 70
     6
  9
$SURFV
 70
     6
  9
$UCSBASE
  2

  9
$UCSNAME
  2

  9
$UCSORG
 10
0.0
 20
0.0
 30
0.0
  9
$UCSXDIR
 10
1.0
 20
0.0
 30
0.0
  9
$UCSYDIR
 10
0.0
 20
1.0
 30
0.0
  9
$UCSORTHOREF
  2

  9
$UCSORTHOVIEW
 70
     0
  9
$UCSORGTOP
 10
0.0
 20
0.0
 30
0.0
  9
$UCSORGBOTTOM
 10
0.0
 20
0.0
 30
0.0
  9
$UCSORGLEFT
 10
0.0
 20
0.0
 30
0.0
  9
$UCSORGRIGHT
 10
0.0
 20
0.0
 30
0.0
  9
$UCSORGFRONT
 10
0.0
 20
0.0
 30
0.0
  9
$UCSORGBACK
 10
0.0
 20
0.0
 30
0.0
  9
$PUCSBASE
  2

  9
$PUCSNAME
  2

  9
$PUCSORG
 10
0.0
 20
0.0
 30
0.0
  9
$PUCSXDIR
 10
1.0
 20
0.0
 30
0.0
  9
$PUCSYDIR
 10
0.0
 20
1.0
 30
0.0
  9
$PUCSORTHOREF
  2

  9
$PUCSORTHOVIEW
 70
     0
  9
$PUCSORGTOP
 10
0.0
 20
0.0
 30
0.0
  9
$PUCSORGBOTTOM
 10
0.0
 20
0.0
 30
0.0
  9
$PUCSORGLEFT
 10
0.0
 20
0.0
 30
0.0
  9
$PUCSORGRIGHT
 10
0.0
 20
0.0
 30
0.0
  9
$PUCSORGFRONT
 10
0.0
 20
0.0
 30
0.0
  9
$PUCSORGBACK
 10
0.0
 20
0.0
 30
0.0
  9
$USERI1
 70
     0
  9
$USERI2
 70
     0
  9
$USERI3
 70
     0
  9
$USERI4
 70
     0
  9
$USERI5
 70
     0
  9
$USERR1
 40
0.0
  9
$USERR2
 40
0.0
  9
$USERR3
 40
0.0
  9
$USERR4
 40
0.0
  9
$USERR5
 40
0.0
  9
$WORLDVIEW
 70
     1
  9
$SHADEDGE
 70
     3
  9
$SHADEDIF
 70
    70
  9
$TILEMODE
 70
     1
  9
$MAXACTVP
 70
    64
  9
$PINSBASE
 10
0.0
 20
0.0
 30
0.0
  9
$PLIMCHECK
 70
     0
  9
$PEXTMIN
 10
0.0
 20
0.0
 30
0.0
  9
$PEXTMAX
 10
0.0
 20
0.0
 30
0.0
  9
$PLIMMIN
 10
0.0
 20
0.0
  9
$PLIMMAX
 10
12.0
 20
9.0
  9
$UNITMODE
 70
     0
  9
$VISRETAIN
 70
     1
  9
$PLINEGEN
 70
     0
  9
$PSLTSCALE
 70
     1
  9
$TREEDEPTH
 70
  3020
  9
$CMLSTYLE
  2
Standard
  9
$CMLJUST
 70
     0
  9
$CMLSCALE
 40
1.0
  9
$PROXYGRAPHICS
 70
     1
  9
$MEASUREMENT
 70
     0
  9
$CELWEIGHT
370
    -1
  9
$ENDCAPS
280
     0
  9
$JOINSTYLE
280
     0
  9
$LWDISPLAY
290
     0
  9
$INSUNITS
 70
     6
  9
$HYPERLINKBASE
  1

  9
$STYLESHEET
  1

  9
$XEDIT
290
     1
  9
$CEPSNTYPE
380
     0
  9
$PSTYLEMODE
290
     1
  9
$FINGERPRINTGUID
  2
{DD691F2B-A44F-BD4A-A116-E10034920DA8}
  9
$VERSIONGUID
  2
{59EBDED7-0138-7849-98DB-A6D37F1A8F64}
  9
$EXTNAMES
290
     1
  9
$PSVPSCALE
 40
0.0
  9
$OLESTARTUP
290
     0
  9
$SORTENTS
280
   127
  9
$INDEXCTL
280
     0
  9
$HIDETEXT
280
     1
  9
$XCLIPFRAME
280
     2
  9
$HALOGAP
280
     0
  9
$OBSCOLOR
 70
   257
  9
$OBSLTYPE
280
     0
  9
$INTERSECTIONDISPLAY
280
     0
  9
$INTERSECTIONCOLOR
 70
   257
  9
$DIMASSOC
280
     2
  9
$PROJECTNAME
  1

  9
$CAMERADISPLAY
290
     0
  9
$LENSLENGTH
 40
50.0
  9
$CAMERAHEIGHT
 40
0.0
  9
$STEPSPERSEC
 40
2.0
  9
$STEPSIZE
 40
6.0
  9
$3DDWFPREC
 40
2.0
  9
$PSOLWIDTH
 40
0.25
  9
$PSOLHEIGHT
 40
4.0
  9
$LOFTANG1
 40
1.570796326794896
  9
$LOFTANG2
 40
1.570796326794896
  9
$LOFTMAG1
 40
0.0
  9
$LOFTMAG2
 40
0.0
  9
$LOFTPARAM
 70
     7
  9
$LOFTNORMALS
280
     1
  9
$LATITUDE
 40
37.795
  9
$LONGITUDE
 40
-122.394
  9
$NORTHDIRECTION
 40
0.0
  9
$TIMEZONE
 70
 -8000
  9
$LIGHTGLYPHDISPLAY
280
     1
  9
$TILEMODELIGHTSYNCH
280
     1
  9
$CMATERIAL
347
96
  9
$SOLIDHIST
280
     0
  9
$SHOWHIST
280
     1
  9
$DWFFRAME
280
     2
  9
$DGNFRAME
280
     0
  9
$REALWORLDSCALE
290
     1
  9
$INTERFERECOLOR
 62
     1
  9
$INTERFEREOBJVS
345
A3
  9
$INTERFEREVPVS
346
A0
  9
$CSHADOW
280
     0
  9
$SHADOWPLANELOCATION
 40
0.0
  0
ENDSEC
  0
SECTION
  2
CLASSES
  0
CLASS
  1
ACDBDICTIONARYWDFLT
  2
AcDbDictionaryWithDefault
  3
ObjectDBX Classes
 90
        0
 91
        1
280
     0
281
     0
  0
CLASS
  1
DICTIONARYVAR
  2
AcDbDictionaryVar
  3
ObjectDBX Classes
 90
        0
 91
       23
280
     0
281
     0
  0
CLASS
  1
TABLESTYLE
  2
AcDbTableStyle
  3
ObjectDBX Classes
 90
     4095
 91
        1
280
     0
281
     0
  0
CLASS
  1
MATERIAL
  2
AcDbMaterial
  3
ObjectDBX Classes
 90
     1153
 91
        3
280
     0
281
     0
  0
CLASS
  1
VISUALSTYLE
  2
AcDbVisualStyle
  3
ObjectDBX Classes
 90
     4095
 91
       24
280
     0
281
     0
  0
CLASS
  1
SCALE
  2
AcDbScale
  3
ObjectDBX Classes
 90
     1153
 91
       33
280
     0
281
     0
  0
CLASS
  1
MLEADERSTYLE
  2
AcDbMLeaderStyle
  3
ACDB_MLEADERSTYLE_CLASS
 90
     4095
 91
        2
280
     0
281
     0
  0
CLASS
  1
CELLSTYLEMAP
  2
AcDbCellStyleMap
  3
ObjectDBX Classes
 90
     1152
 91
        2
280
     0
281
     0
  0
CLASS
  1
EXACXREFPANELOBJECT
  2
ExAcXREFPanelObject
  3
EXAC_ESW
 90
     1025
 91
        0
280
     0
281
     0
  0
CLASS
  1
NPOCOLLECTION
  2
AcDbImpNonPersistentObjectsCollection
  3
ObjectDBX Classes
 90
     1153
 91
        0
280
     0
281
     0
  0
CLASS
  1
LAYER_INDEX
  2
AcDbLayerIndex
  3
ObjectDBX Classes
 90
        0
 91
        0
280
     0
281
     0
  0
CLASS
  1
SPATIAL_INDEX
  2
AcDbSpatialIndex
  3
ObjectDBX Classes
 90
        0
 91
        0
280
     0
281
     0
  0
CLASS
  1
IDBUFFER
  2
AcDbIdBuffer
  3
ObjectDBX Classes
 90
        0
 91
        0
280
     0
281
     0
  0
CLASS
  1
ACDBSECTIONVIEWSTYLE
  2
AcDbSectionViewStyle
  3
ObjectDBX Classes
 90
     1025
 91
        1
280
     0
281
     0
  0
CLASS
  1
ACDBDETAILVIEWSTYLE
  2
AcDbDetailViewStyle
  3
ObjectDBX Classes
 90
     1025
 91
        1
280
     0
281
     0
  0
CLASS
  1
SORTENTSTABLE
  2
AcDbSortentsTable
  3
ObjectDBX Classes
 90
        0
 91
        0
280
     0
281
     0
  0
CLASS
  1
AEC_VARS_DWG_SETUP
  2
AecDbVarsDwgSetup
  3
AecBase80|Product Desc: Autodesk Architectural Desktop 2007 |Company: Autodesk,Inc. |WEB Address: www.autodesk.com
 90
      129
 91
        0
280
     0
281
     0
  0
ENDSEC
  0
SECTION
  2
TABLES
  0
TABLE
  2
VPORT
  5
8
330
0
100
AcDbSymbolTable
 70
     1
  0
VPORT
  5
94
330
8
100
AcDbSymbolTableRecord
100
AcDbViewportTableRecord
  2
*Active
 70
     0
 10
0.0
 20
0.0
 11
1.0
 21
1.0
 12
588633.8621223787
 22
3917968.146601372
 13
0.0
 23
0.0
 14
0.5
 24
0.5
 15
0.5
 25
0.5
 16
0.0
 26
0.0
 36
1.0
 17
0.0
 27
0.0
 37
0.0
 40
1926.309067200404
 41
1.933823529411764
 42
50.0
 43
0.0
 44
0.0
 50
0.0
 51
0.0
 71
     0
 72
  1000
 73
     1
 74
     3
 75
     0
 76
     1
 77
     0
 78
     0
281
     0
 65
     1
110
0.0
120
0.0
130
0.0
111
1.0
121
0.0
131
0.0
112
0.0
122
1.0
132
0.0
 79
     0
146
0.0
348
9F
 60
     3
 61
     5
292
     1
282
     1
141
0.0
142
0.0
 63
   250
421
  3355443
1001
ACAD_NAV_VCDISPLAY
1070
     3
  0
ENDTAB
  0
TABLE
  2
LTYPE
  5
5
330
0
100
AcDbSymbolTable
 70
     2
  0
LTYPE
  5
14
330
5
100
AcDbSymbolTableRecord
100
AcDbLinetypeTableRecord
  2
ByBlock
 70
     0
  3

 72
    65
 73
     0
 40
0.0
  0
LTYPE
  5
15
330
5
100
AcDbSymbolTableRecord
100
AcDbLinetypeTableRecord
  2
ByLayer
 70
     0
  3

 72
    65
 73
     0
 40
0.0
  0
LTYPE
  5
16
330
5
100
AcDbSymbolTableRecord
100
AcDbLinetypeTableRecord
  2
Continuous
 70
     0
  3
Solid line
 72
    65
 73
     0
 40
0.0
  0
ENDTAB
  0
TABLE
  2
LAYER
  5
2
102
{ACAD_XDICTIONARY
360
18E
102
}
330
0
100
AcDbSymbolTable
 70
     3
  0
LAYER
  5
10
102
{ACAD_XDICTIONARY
360
E6
102
}
330
2
100
AcDbSymbolTableRecord
100
AcDbLayerTableRecord
  2
0
 70
     0
 62
     7
  6
Continuous
370
    -3
390
F
347
98
348
0
  0
LAYER
  5
2B8
330
2
100
AcDbSymbolTableRecord
100
AcDbLayerTableRecord
  2
Highway_Road Edge
 70
     0
 62
   252
  6
Continuous
370
    35
390
F
347
98
348
0
1001
AcCmTransparency
1071
 33554687
  0
LAYER
  5
2B9
330
2
100
AcDbSymbolTableRecord
100
AcDbLayerTableRecord
  2
0_HELP
 70
     0
 62
     2
  6
Continuous
370
    35
390
F
347
98
348
0
1001
AcAecLayerStandard
1000

1000

1001
AcCmTransparency
1071
        0
  0
ENDTAB
  0
TABLE
  2
STYLE
  5
3
330
0
100
AcDbSymbolTable
 70
     2
  0
STYLE
  5
11
330
3
100
AcDbSymbolTableRecord
100
AcDbTextStyleTableRecord
  2
Standard
 70
     0
 40
0.0
 41
1.0
 50
0.0
 71
     0
 42
0.2
  3
arial.ttf
  4

1001
ACAD
1000
Arial
1071
       34
  0
STYLE
  5
DC
330
3
100
AcDbSymbolTableRecord
100
AcDbTextStyleTableRecord
  2
Annotative
 70
     0
 40
0.0
 41
1.0
 50
0.0
 71
     0
 42
0.2
  3
arial.ttf
  4

1001
AcadAnnotative
1000
AnnotativeData
1002
{
1070
     1
1070
     1
1002
}
1001
ACAD
1000
Arial
1071
       34
  0
ENDTAB
  0
TABLE
  2
VIEW
  5
6
330
0
100
AcDbSymbolTable
 70
     0
  0
ENDTAB
  0
TABLE
  2
UCS
  5
7
330
0
100
AcDbSymbolTable
 70
     0
  0
ENDTAB
  0
TABLE
  2
APPID
  5
9
330
0
100
AcDbSymbolTable
 70
    11
  0
APPID
  5
12
330
9
100
AcDbSymbolTableRecord
100
AcDbRegAppTableRecord
  2
ACAD
 70
     0
  0
APPID
  5
DD
330
9
100
AcDbSymbolTableRecord
100
AcDbRegAppTableRecord
  2
AcadAnnoPO
 70
     0
  0
APPID
  5
DE
330
9
100
AcDbSymbolTableRecord
100
AcDbRegAppTableRecord
  2
AcadAnnotative
 70
     0
  0
APPID
  5
DF
330
9
100
AcDbSymbolTableRecord
100
AcDbRegAppTableRecord
  2
ACAD_DSTYLE_DIMJAG
 70
     0
  0
APPID
  5
E0
330
9
100
AcDbSymbolTableRecord
100
AcDbRegAppTableRecord
  2
ACAD_DSTYLE_DIMTALN
 70
     0
  0
APPID
  5
107
330
9
100
AcDbSymbolTableRecord
100
AcDbRegAppTableRecord
  2
ACAD_MLEADERVER
 70
     0
  0
APPID
  5
1A6
330
9
100
AcDbSymbolTableRecord
100
AcDbRegAppTableRecord
  2
ACAD_NAV_VCDISPLAY
 70
     0
  0
APPID
  5
2AF
330
9
100
AcDbSymbolTableRecord
100
AcDbRegAppTableRecord
  2
AeccLand130
 70
     0
  0
APPID
  5
2BA
330
9
100
AcDbSymbolTableRecord
100
AcDbRegAppTableRecord
  2
AcCmTransparency
 70
     0
  0
APPID
  5
2BB
330
9
100
AcDbSymbolTableRecord
100
AcDbRegAppTableRecord
  2
AcAecLayerStandard
 70
     0
  0
APPID
  5
9E4
330
9
100
AcDbSymbolTableRecord
100
AcDbRegAppTableRecord
  2
ACAD_EXEMPT_FROM_CAD_STANDARDS
 70
     0
  0
ENDTAB
  0
TABLE
  2
DIMSTYLE
  5
A
330
0
100
AcDbSymbolTable
 70
     3
100
AcDbDimStyleTable
 71
     2
340
27
340
E1
  0
DIMSTYLE
105
27
330
A
100
AcDbSymbolTableRecord
100
AcDbDimStyleTableRecord
  2
Standard
 70
     0
340
11
  0
DIMSTYLE
105
E1
330
A
100
AcDbSymbolTableRecord
100
AcDbDimStyleTableRecord
  2
Annotative
 70
     0
 40
0.0
340
11
1001
AcadAnnotative
1000
AnnotativeData
1002
{
1070
     1
1070
     1
1002
}
1001
ACAD_DSTYLE_DIMJAG
1070
   388
1040
1.5
1001
ACAD_DSTYLE_DIMTALN
1070
   392
1070
     0
  0
ENDTAB
  0
TABLE
  2
BLOCK_RECORD
  5
1
330
0
100
AcDbSymbolTable
 70
     6
  0
BLOCK_RECORD
  5
1F
102
{ACAD_XDICTIONARY
360
15D
102
}
330
1
100
AcDbSymbolTableRecord
100
AcDbBlockTableRecord
  2
*Model_Space
340
22
 70
     0
280
     1
281
     0
  0
BLOCK_RECORD
  5
58
330
1
100
AcDbSymbolTableRecord
100
AcDbBlockTableRecord
  2
*Paper_Space
340
59
 70
     0
280
     1
281
     0
  0
BLOCK_RECORD
  5
5D
330
1
100
AcDbSymbolTableRecord
100
AcDbBlockTableRecord
  2
*Paper_Space0
340
5E
 70
     0
280
     1
281
     0
  0
BLOCK_RECORD
  5
272
330
1
100
AcDbSymbolTableRecord
100
AcDbBlockTableRecord
  2
*U1
340
0
 70
     0
280
     1
281
     0
  0
BLOCK_RECORD
  5
28B
330
1
100
AcDbSymbolTableRecord
100
AcDbBlockTableRecord
  2
*U2
340
0
 70
     0
280
     1
281
     0
  0
BLOCK_RECORD
  5
A08
330
1
100
AcDbSymbolTableRecord
100
AcDbBlockTableRecord
  2
*U3
340
0
 70
     0
280
     1
281
     0
  0
BLOCK_RECORD
  5
A21
330
1
100
AcDbSymbolTableRecord
100
AcDbBlockTableRecord
  2
*U4
340
0
 70
     0
280
     1
281
     0
  0
ENDTAB
  0
ENDSEC
  0
SECTION
  2
BLOCKS
  0
BLOCK
  5
20
330
1F
100
AcDbEntity
  8
0
100
AcDbBlockBegin
  2
*Model_Space
 70
     0
 10
0.0
 20
0.0
 30
0.0
  3
*Model_Space
  1

  0
ENDBLK
  5
21
330
1F
100
AcDbEntity
  8
0
100
AcDbBlockEnd
  0
BLOCK
  5
5A
330
58
100
AcDbEntity
 67
     1
  8
0
100
AcDbBlockBegin
  2
*Paper_Space
 70
     0
 10
0.0
 20
0.0
 30
0.0
  3
*Paper_Space
  1

  0
ENDBLK
  5
5B
330
58
100
AcDbEntity
 67
     1
  8
0
100
AcDbBlockEnd
  0
BLOCK
  5
5F
330
5D
100
AcDbEntity
 67
     1
  8
0
100
AcDbBlockBegin
  2
*Paper_Space0
 70
     0
 10
0.0
 20
0.0
 30
0.0
  3
*Paper_Space0
  1

  0
ENDBLK
  5
60
330
5D
100
AcDbEntity
 67
     1
  8
0
100
AcDbBlockEnd
  0
BLOCK
  5
273
330
272
100
AcDbEntity
  8
0
100
AcDbBlockBegin
  2
*U1
 70
     1
 10
0.0
 20
0.0
 30
0.0
  3
*U1
  1

  0
LWPOLYLINE
  5
275
330
272
100
AcDbEntity
  8
0
  6
ByBlock
 62
    12
370
    -2
100
AcDbPolyline
 90
        5
 70
     0
 43
0.0
 10
8.400003896806062
 20
2.999996231424848
 10
6.600003896806062
 20
2.999996231424848
 10
6.600003896806062
 20
-0.0000037685751507
 10
8.400003896806062
 20
-0.0000037685751519
 10
8.400003896806062
 20
2.999996231424848
  0
HATCH
  5
276
330
272
100
AcDbEntity
  8
0
  6
ByBlock
 62
    12
370
    -2
100
AcDbHatch
 10
0.0
 20
0.0
 30
0.0
210
0.0
220
0.0
230
1.0
  2
SOLID
 70
     1
 71
     0
 91
        1
 92
        1
 93
        4
 72
     1
 10
8.400003896806062
 20
2.999996231424848
 11
6.600003896806065
 21
2.999996231424848
 72
     1
 10
6.600003896806062
 20
2.999996231424848
 11
6.600003896806059
 21
-0.0000037685751506
 72
     1
 10
6.600003896806062
 20
-0.0000037685751507
 11
8.400003896806062
 21
-0.0000037685751519
 72
     1
 10
8.400003896806062
 20
-0.0000037685751519
 11
8.400003896806063
 21
2.999996231424848
 97
        0
 75
     0
 76
     1
 98
        1
 10
0.0000038968060618
 20
-0.0000037685751479
450
        0
451
        0
460
0.0
461
0.0
452
        0
462
0.0
453
        0
470

  0
LWPOLYLINE
  5
277
330
272
100
AcDbEntity
  8
0
  6
ByBlock
 62
    14
370
    -2
100
AcDbPolyline
 90
        5
 70
     0
 43
0.0
 10
8.400003896806062
 20
-3.000003768575149
 10
6.600003896806062
 20
-3.000003768575149
 10
6.600003896806062
 20
-0.0000037685751505
 10
8.400003896806062
 20
-0.0000037685751505
 10
8.400003896806062
 20
-3.000003768575149
  0
HATCH
  5
278
330
272
100
AcDbEntity
  8
0
  6
ByBlock
 62
    14
370
    -2
100
AcDbHatch
 10
0.0
 20
0.0
 30
0.0
210
0.0
220
0.0
230
1.0
  2
SOLID
 70
     1
 71
     0
 91
        1
 92
        1
 93
        4
 72
     1
 10
8.400003896806062
 20
-3.000003768575149
 11
6.600003896806062
 21
-3.000003768575149
 72
     1
 10
6.600003896806062
 20
-3.000003768575149
 11
6.600003896806062
 21
-0.0000037685751506
 72
     1
 10
6.600003896806062
 20
-0.0000037685751505
 11
8.400003896806062
 21
-0.0000037685751505
 72
     1
 10
8.400003896806062
 20
-0.0000037685751505
 11
8.400003896806062
 21
-3.000003768575149
 97
        0
 75
     0
 76
     1
 98
        1
 10
0.0000038968060618
 20
-0.0000037685751479
450
        0
451
        0
460
0.0
461
0.0
452
        0
462
0.0
453
        0
470

  0
LWPOLYLINE
  5
279
330
272
100
AcDbEntity
  8
0
  6
ByBlock
 62
   142
370
    -2
100
AcDbPolyline
 90
        6
 70
     0
 43
0.0
 10
6.600003896806062
 20
0.2999962314248493
 10
1.200003896806062
 20
0.2999962314248514
 10
0.0000038968060618
 20
-0.0000037685751479
 10
1.20000389680606
 20
-0.3000037685751486
 10
6.600003896806062
 20
-0.3000037685751508
 10
6.600003896806062
 20
0.2999962314248493
  0
HATCH
  5
27A
330
272
100
AcDbEntity
  8
0
  6
ByBlock
 62
   142
370
    -2
100
AcDbHatch
 10
0.0
 20
0.0
 30
0.0
210
0.0
220
0.0
230
1.0
  2
SOLID
 70
     1
 71
     0
 91
        1
 92
        1
 93
        5
 72
     1
 10
6.600003896806062
 20
0.2999962314248493
 11
1.200003896806062
 21
0.2999962314248514
 72
     1
 10
1.200003896806062
 20
0.2999962314248514
 11
0.0000038968060618
 21
-0.0000037685751479
 72
     1
 10
0.0000038968060618
 20
-0.0000037685751479
 11
1.20000389680606
 21
-0.3000037685751486
 72
     1
 10
1.20000389680606
 20
-0.3000037685751486
 11
6.600003896806062
 21
-0.3000037685751508
 72
     1
 10
6.600003896806062
 20
-0.3000037685751508
 11
6.600003896806062
 21
0.2999962314248493
 97
        0
 75
     0
 76
     1
 98
        1
 10
0.0000038968060618
 20
-0.0000037685751479
450
        0
451
        0
460
0.0
461
0.0
452
        0
462
0.0
453
        0
470

  0
LWPOLYLINE
  5
27B
330
272
100
AcDbEntity
  8
0
  6
ByBlock
 62
    14
370
    -2
100
AcDbPolyline
 90
        5
 70
     0
 43
0.0
 10
12.60000389680606
 20
-1.500003768575149
 10
9.00000389680606
 20
-1.500003768575149
 10
9.00000389680606
 20
-0.0000037685751502
 10
12.60000389680606
 20
-0.0000037685751502
 10
12.60000389680606
 20
-1.500003768575149
  0
HATCH
  5
27C
330
272
100
AcDbEntity
  8
0
  6
ByBlock
 62
    14
370
    -2
100
AcDbHatch
 10
0.0
 20
0.0
 30
0.0
210
0.0
220
0.0
230
1.0
  2
SOLID
 70
     1
 71
     0
 91
        1
 92
        1
 93
        4
 72
     1
 10
12.60000389680606
 20
-1.500003768575149
 11
9.00000389680606
 21
-1.500003768575149
 72
     1
 10
9.00000389680606
 20
-1.500003768575149
 11
9.00000389680606
 21
-0.0000037685751502
 72
     1
 10
9.00000389680606
 20
-0.0000037685751502
 11
12.60000389680606
 21
-0.0000037685751502
 72
     1
 10
12.60000389680606
 20
-0.0000037685751502
 11
12.60000389680606
 21
-1.500003768575149
 97
        0
 75
     0
 76
     1
 98
        1
 10
0.0000038968060618
 20
-0.0000037685751479
450
        0
451
        0
460
0.0
461
0.0
452
        0
462
0.0
453
        0
470

  0
LWPOLYLINE
  5
27D
330
272
100
AcDbEntity
  8
0
  6
ByBlock
 62
    12
370
    -2
100
AcDbPolyline
 90
        5
 70
     0
 43
0.0
 10
12.60000389680606
 20
1.499996231424844
 10
9.000003896806061
 20
1.499996231424846
 10
9.00000389680606
 20
-0.0000037685751526
 10
12.60000389680606
 20
-0.000003768575155
 10
12.60000389680606
 20
1.499996231424844
  0
HATCH
  5
27E
330
272
100
AcDbEntity
  8
0
  6
ByBlock
 62
    12
370
    -2
100
AcDbHatch
 10
0.0
 20
0.0
 30
0.0
210
0.0
220
0.0
230
1.0
  2
SOLID
 70
     1
 71
     0
 91
        1
 92
        1
 93
        4
 72
     1
 10
12.60000389680606
 20
1.499996231424844
 11
9.00000389680606
 21
1.499996231424846
 72
     1
 10
9.000003896806061
 20
1.499996231424846
 11
9.00000389680606
 21
-0.0000037685751526
 72
     1
 10
9.00000389680606
 20
-0.0000037685751526
 11
12.60000389680606
 21
-0.000003768575155
 72
     1
 10
12.60000389680606
 20
-0.000003768575155
 11
12.60000389680606
 21
1.499996231424844
 97
        0
 75
     0
 76
     1
 98
        1
 10
0.0000038968060618
 20
-0.0000037685751479
450
        0
451
        0
460
0.0
461
0.0
452
        0
462
0.0
453
        0
470

  0
LWPOLYLINE
  5
27F
330
272
100
AcDbEntity
  8
0
  6
ByBlock
 62
    12
370
    -2
100
AcDbPolyline
 90
        5
 70
     0
 43
0.0
 10
9.00000389680606
 20
-1.500003768575149
 10
8.400003896806062
 20
-3.000003768575149
 10
8.400003896806062
 20
-0.0000037685751505
 10
9.00000389680606
 20
-0.0000037685751502
 10
9.00000389680606
 20
-1.500003768575149
  0
HATCH
  5
280
330
272
100
AcDbEntity
  8
0
  6
ByBlock
 62
    12
370
    -2
100
AcDbHatch
 10
0.0
 20
0.0
 30
0.0
210
0.0
220
0.0
230
1.0
  2
SOLID
 70
     1
 71
     0
 91
        1
 92
        1
 93
        4
 72
     1
 10
9.00000389680606
 20
-1.500003768575149
 11
8.400003896806062
 21
-3.000003768575149
 72
     1
 10
8.400003896806062
 20
-3.000003768575149
 11
8.400003896806062
 21
-0.0000037685751506
 72
     1
 10
8.400003896806062
 20
-0.0000037685751505
 11
9.000003896806061
 21
-0.0000037685751502
 72
     1
 10
9.00000389680606
 20
-0.0000037685751502
 11
9.00000389680606
 21
-1.500003768575149
 97
        0
 75
     0
 76
     1
 98
        1
 10
0.0000038968060618
 20
-0.0000037685751479
450
        0
451
        0
460
0.0
461
0.0
452
        0
462
0.0
453
        0
470

  0
LWPOLYLINE
  5
281
330
272
100
AcDbEntity
  8
0
  6
ByBlock
 62
     1
370
    -2
100
AcDbPolyline
 90
        5
 70
     0
 43
0.0
 10
9.000003896806061
 20
1.499996231424846
 10
8.400003896806062
 20
2.999996231424848
 10
8.400003896806062
 20
-0.0000037685751519
 10
9.00000389680606
 20
-0.0000037685751526
 10
9.000003896806061
 20
1.499996231424846
  0
HATCH
  5
282
330
272
100
AcDbEntity
  8
0
  6
ByBlock
 62
     1
370
    -2
100
AcDbHatch
 10
0.0
 20
0.0
 30
0.0
210
0.0
220
0.0
230
1.0
  2
SOLID
 70
     1
 71
     0
 91
        1
 92
        1
 93
        4
 72
     1
 10
9.000003896806061
 20
1.499996231424846
 11
8.400003896806062
 21
2.999996231424848
 72
     1
 10
8.400003896806062
 20
2.999996231424848
 11
8.400003896806062
 21
-0.0000037685751519
 72
     1
 10
8.400003896806062
 20
-0.0000037685751519
 11
9.000003896806061
 21
-0.0000037685751526
 72
     1
 10
9.00000389680606
 20
-0.0000037685751526
 11
9.000003896806061
 21
1.499996231424846
 97
        0
 75
     0
 76
     1
 98
        1
 10
0.0000038968060618
 20
-0.0000037685751479
450
        0
451
        0
460
0.0
461
0.0
452
        0
462
0.0
453
        0
470

  0
LWPOLYLINE
  5
283
330
272
100
AcDbEntity
  8
0
  6
ByBlock
 62
    14
370
    -2
100
AcDbPolyline
 90
        5
 70
     0
 43
0.0
 10
15.00000389680606
 20
-2.400003768575154
 10
13.20000389680606
 20
-2.400003768575151
 10
13.20000389680606
 20
-0.0000037685751521
 10
15.00000389680606
 20
-0.0000037685751534
 10
15.00000389680606
 20
-2.400003768575154
  0
HATCH
  5
284
330
272
100
AcDbEntity
  8
0
  6
ByBlock
 62
    14
370
    -2
100
AcDbHatch
 10
0.0
 20
0.0
 30
0.0
210
0.0
220
0.0
230
1.0
  2
SOLID
 70
     1
 71
     0
 91
        1
 92
        1
 93
        4
 72
     1
 10
15.00000389680606
 20
-2.400003768575154
 11
13.20000389680606
 21
-2.400003768575151
 72
     1
 10
13.20000389680606
 20
-2.400003768575151
 11
13.20000389680606
 21
-0.0000037685751519
 72
     1
 10
13.20000389680606
 20
-0.0000037685751521
 11
15.00000389680606
 21
-0.0000037685751534
 72
     1
 10
15.00000389680606
 20
-0.0000037685751534
 11
15.00000389680606
 21
-2.400003768575154
 97
        0
 75
     0
 76
     1
 98
        1
 10
0.0000038968060618
 20
-0.0000037685751479
450
        0
451
        0
460
0.0
461
0.0
452
        0
462
0.0
453
        0
470

  0
LWPOLYLINE
  5
285
330
272
100
AcDbEntity
  8
0
  6
ByBlock
 62
    16
370
    -2
100
AcDbPolyline
 90
        5
 70
     0
 43
0.0
 10
13.20000389680606
 20
-2.400003768575151
 10
12.60000389680606
 20
-1.500003768575149
 10
12.60000389680606
 20
-0.0000037685751502
 10
13.20000389680606
 20
-0.0000037685751521
 10
13.20000389680606
 20
-2.400003768575151
  0
HATCH
  5
286
330
272
100
AcDbEntity
  8
0
  6
ByBlock
 62
    16
370
    -2
100
AcDbHatch
 10
0.0
 20
0.0
 30
0.0
210
0.0
220
0.0
230
1.0
  2
SOLID
 70
     1
 71
     0
 91
        1
 92
        1
 93
        4
 72
     1
 10
13.20000389680606
 20
-2.400003768575151
 11
12.60000389680606
 21
-1.500003768575149
 72
     1
 10
12.60000389680606
 20
-1.500003768575149
 11
12.60000389680606
 21
-0.0000037685751499
 72
     1
 10
12.60000389680606
 20
-0.0000037685751502
 11
13.20000389680606
 21
-0.0000037685751521
 72
     1
 10
13.20000389680606
 20
-0.0000037685751521
 11
13.20000389680606
 21
-2.400003768575151
 97
        0
 75
     0
 76
     1
 98
        1
 10
0.0000038968060618
 20
-0.0000037685751479
450
        0
451
        0
460
0.0
461
0.0
452
        0
462
0.0
453
        0
470

  0
LWPOLYLINE
  5
287
330
272
100
AcDbEntity
  8
0
  6
ByBlock
 62
    12
370
    -2
100
AcDbPolyline
 90
        5
 70
     0
 43
0.0
 10
15.00000389680606
 20
2.399996231424846
 10
13.20000389680606
 20
2.399996231424845
 10
13.20000389680606
 20
-0.0000037685751535
 10
15.00000389680606
 20
-0.0000037685751534
 10
15.00000389680606
 20
2.399996231424846
  0
HATCH
  5
288
330
272
100
AcDbEntity
  8
0
  6
ByBlock
 62
    12
370
    -2
100
AcDbHatch
 10
0.0
 20
0.0
 30
0.0
210
0.0
220
0.0
230
1.0
  2
SOLID
 70
     1
 71
     0
 91
        1
 92
        1
 93
        4
 72
     1
 10
15.00000389680606
 20
2.399996231424846
 11
13.20000389680606
 21
2.399996231424845
 72
     1
 10
13.20000389680606
 20
2.399996231424845
 11
13.20000389680606
 21
-0.0000037685751537
 72
     1
 10
13.20000389680606
 20
-0.0000037685751535
 11
15.00000389680606
 21
-0.0000037685751534
 72
     1
 10
15.00000389680606
 20
-0.0000037685751534
 11
15.00000389680606
 21
2.399996231424846
 97
        0
 75
     0
 76
     1
 98
        1
 10
0.0000038968060618
 20
-0.0000037685751479
450
        0
451
        0
460
0.0
461
0.0
452
        0
462
0.0
453
        0
470

  0
LWPOLYLINE
  5
289
330
272
100
AcDbEntity
  8
0
  6
ByBlock
 62
    14
370
    -2
100
AcDbPolyline
 90
        5
 70
     0
 43
0.0
 10
13.20000389680606
 20
2.399996231424845
 10
12.60000389680606
 20
1.499996231424844
 10
12.60000389680606
 20
-0.000003768575155
 10
13.20000389680606
 20
-0.0000037685751535
 10
13.20000389680606
 20
2.399996231424845
  0
HATCH
  5
28A
330
272
100
AcDbEntity
  8
0
  6
ByBlock
 62
    14
370
    -2
100
AcDbHatch
 10
0.0
 20
0.0
 30
0.0
210
0.0
220
0.0
230
1.0
  2
SOLID
 70
     1
 71
     0
 91
        1
 92
        1
 93
        4
 72
     1
 10
13.20000389680606
 20
2.399996231424845
 11
12.60000389680606
 21
1.499996231424844
 72
     1
 10
12.60000389680606
 20
1.499996231424844
 11
12.60000389680606
 21
-0.0000037685751548
 72
     1
 10
12.60000389680606
 20
-0.000003768575155
 11
13.20000389680606
 21
-0.0000037685751535
 72
     1
 10
13.20000389680606
 20
-0.0000037685751535
 11
13.20000389680606
 21
2.399996231424845
 97
        0
 75
     0
 76
     1
 98
        1
 10
0.0000038968060618
 20
-0.0000037685751479
450
        0
451
        0
460
0.0
461
0.0
452
        0
462
0.0
453
        0
470

  0
ENDBLK
  5
274
330
272
100
AcDbEntity
  8
0
100
AcDbBlockEnd
  0
BLOCK
  5
28C
330
28B
100
AcDbEntity
  8
0
100
AcDbBlockBegin
  2
*U2
 70
     1
 10
0.0
 20
0.0
 30
0.0
  3
*U2
  1

  0
HATCH
  5
28E
330
28B
100
AcDbEntity
  8
0
  6
ByBlock
 62
   142
370
    -2
100
AcDbHatch
 10
0.0
 20
0.0
 30
0.0
210
0.0
220
0.0
230
1.0
  2
SOLID
 70
     1
 71
     0
 91
        1
 92
        1
 93
        4
 72
     1
 10
1.016708450399582
 20
1.441598988888133
 11
-0.195781667332555
 21
0.2317403753651965
 72
     1
 10
-0.1957816673325549
 20
0.2317403753651965
 11
0.2284825847108673
 21
-0.1925236852500924
 72
     1
 10
0.2284825847108673
 20
-0.1925236852500924
 11
1.436808397524364
 21
1.020441583780721
 72
     3
 10
2.745625212263143
 20
2.748883159335181
 11
-1.756604150600404
 21
1.77093488810846
 40
0.8670409785332552
 50
261.9011015621698
 51
277.673250558134
 73
     0
 97
        0
 75
     0
 76
     1
 98
        1
 10
-0.5836496153667691
 20
-0.5803917369796691
450
        0
451
        0
460
0.0
461
0.0
452
        0
462
0.0
453
        0
470

  0
HATCH
  5
28F
330
28B
100
AcDbEntity
  8
0
  6
ByBlock
 62
     1
370
    -2
100
AcDbHatch
 10
0.0
 20
0.0
 30
0.0
210
0.0
220
0.0
230
1.0
  2
SOLID
 70
     1
 71
     0
 91
        1
 92
        1
 93
        1
 72
     3
 10
6.916350283585909
 20
6.919608364067653
 11
-1.697056173800388
 21
1.697056173800388
 40
0.7071068232896046
 50
0.0
 51
360.0
 73
     1
 97
        0
 75
     0
 76
     1
 98
        1
 10
-0.5836496153667691
 20
-0.5803917369796691
450
        0
451
        0
460
0.0
461
0.0
452
        0
462
0.0
453
        0
470

  0
ELLIPSE
  5
290
330
28B
100
AcDbEntity
  8
0
  6
ByBlock
 62
    14
370
    -2
100
AcDbEllipse
 10
6.016350058634039
 20
6.019608483132739
 30
0.0
 11
1.697056250015035
 21
-1.697056097585736
 31
0.0
210
0.0
220
0.0
230
-1.0
 40
0.7071068232896051
 41
0.0
 42
1.570796326794896
  0
ELLIPSE
  5
291
330
28B
100
AcDbEntity
  8
0
  6
ByBlock
 62
     1
370
    -2
100
AcDbEllipse
 10
6.916350283585909
 20
6.919608364067653
 30
0.0
 11
-1.697056173800388
 21
1.697056173800388
 31
0.0
210
0.0
220
0.0
230
0.9999999999999998
 40
0.7071068232896045
 41
0.0
 42
6.283185307179585
  0
HATCH
  5
292
330
28B
100
AcDbEntity
  8
0
  6
ByBlock
 62
    14
370
    -2
100
AcDbHatch
 10
0.0
 20
0.0
 30
0.0
210
0.0
220
0.0
230
1.0
  2
SOLID
 70
     1
 71
     0
 91
        1
 92
        1
 93
        4
 72
     3
 10
6.91635022969401
 20
6.919608417959553
 11
1.697056250015036
 21
-1.697056097585738
 40
0.707106823289605
 50
0.0
 51
90.00000000000001
 73
     0
 72
     1
 10
5.716350283585905
 20
5.719608364067649
 11
4.816350112525934
 21
4.819608429240838
 72
     3
 10
6.016350058634039
 20
6.019608483132739
 11
1.697056250015036
 21
-1.697056097585738
 40
0.707106823289605
 50
270.0
 51
360.0
 73
     1
 72
     1
 10
7.713406308649075
 20
4.322552385547004
 11
8.613406479709045
 21
5.222552320373813
 97
        0
 75
     0
 76
     1
 98
        1
 10
-0.5836496153667691
 20
-0.5803917369796691
450
        0
451
        0
460
0.0
461
0.0
452
        0
462
0.0
453
        0
470

  0
LINE
  5
293
330
28B
100
AcDbEntity
  8
0
  6
ByBlock
 62
    12
370
    -2
100
AcDbLine
 10
2.086644490463827
 20
2.089902447020629
 30
0.0
 11
3.166350297058865
 21
3.169608350594691
 31
0.0
  0
LINE
  5
294
330
28B
100
AcDbEntity
  8
0
  6
ByBlock
 62
    16
370
    -2
100
AcDbLine
 10
4.97701048279041
 20
2.858948260131466
 30
0.0
 11
6.130086297713031
 21
4.025040813270303
 31
0.0
  0
ELLIPSE
  5
295
330
28B
100
AcDbEntity
  8
0
  6
ByBlock
 62
    16
370
    -2
100
AcDbEllipse
 10
3.916350263376428
 20
3.919608384277128
 30
0.0
 11
1.060660219413979
 21
-1.060660124145662
 31
0.0
210
0.0
220
0.0
230
-1.0
 40
0.707106781186548
 41
0.0
 42
1.570796326794896
  0
ELLIPSE
  5
296
330
28B
100
AcDbEntity
  8
0
  6
ByBlock
 62
    12
370
    -2
100
AcDbEllipse
 10
3.616052729709465
 20
3.619342193261009
 30
0.0
 11
-2.103486538305285
 21
2.101946489923181
 31
0.0
210
0.0
220
0.0
230
-1.0
 40
0.7273561789710971
 41
2.096626351636922
 42
4.712647849490227
  0
ELLIPSE
  5
297
330
28B
100
AcDbEntity
  8
0
  6
ByBlock
 62
    14
370
    -2
100
AcDbEllipse
 10
2.745640931416667
 20
2.748867440181655
 30
0.0
 11
-2.102496948557976
 21
2.102762411696934
 31
0.0
210
0.0
220
0.0
230
1.0
 40
0.7273153577411474
 41
0.0
 42
1.570834780022576
  0
ELLIPSE
  5
298
330
28B
100
AcDbEntity
  8
0
  6
ByBlock
 62
     1
370
    -2
100
AcDbEllipse
 10
3.616084207103451
 20
3.619310715868437
 30
0.0
 11
-2.100371617030333
 21
2.105743182640311
 31
0.0
210
0.0
220
0.0
230
1.0
 40
0.7272374838958666
 41
-1.044399622418267
 42
1.571717612425809
  0
HATCH
  5
299
330
28B
100
AcDbEntity
  8
0
  6
ByBlock
 62
    14
370
    -2
100
AcDbHatch
 10
0.0
 20
0.0
 30
0.0
210
0.0
220
0.0
230
1.0
  2
SOLID
 70
     1
 71
     0
 91
        1
 92
        1
 93
        4
 72
     1
 10
0.643143982858692
 20
4.85162985187859
 11
1.513438127774139
 21
5.721923996794034
 72
     3
 10
3.615935076332115
 20
3.619161585097098
 11
-2.102496948557977
 21
2.102762411696934
 40
0.7273153577411473
 50
0.0
 51
90.00302923295981
 73
     1
 72
     1
 10
2.086644490463824
 20
2.089902447020627
 11
1.216350384633219
 21
1.219608263020343
 72
     3
 10
2.745640931416667
 20
2.748867440181655
 11
-2.102496948557977
 21
2.102762411696934
 40
0.7273153577411473
 50
269.9969707670402
 51
360.0
 73
     0
 97
        0
 75
     0
 76
     1
 98
        1
 10
-0.5836496153667691
 20
-0.5803917369796691
450
        0
451
        0
460
0.0
461
0.0
452
        0
462
0.0
453
        0
470

  0
HATCH
  5
29A
330
28B
100
AcDbEntity
  8
0
  6
ByBlock
 62
    12
370
    -2
100
AcDbHatch
 10
0.0
 20
0.0
 30
0.0
210
0.0
220
0.0
230
1.0
  2
SOLID
 70
     1
 71
     0
 91
        1
 92
        1
 93
        4
 72
     1
 10
4.977010482790408
 20
2.858948260131466
 11
5.99418391239882
 21
3.887604704710419
 72
     3
 10
3.616052729709465
 20
3.619342193261009
 11
-2.103486538305287
 21
2.101946489923181
 40
0.727356178971097
 50
128.5850003162163
 51
270.0203918071058
 73
     0
 72
     1
 10
2.086644490463827
 20
2.089902447020629
 11
3.166350297058865
 21
3.169608350594691
 72
     3
 10
3.916350263376428
 20
3.919608384277128
 11
1.060660219413979
 21
-1.060660124145662
 40
0.7071067811865479
 50
270.0
 51
360.0
 73
     1
 97
        0
 75
     0
 76
     1
 98
        1
 10
-0.5836496153667691
 20
-0.5803917369796691
450
        0
451
        0
460
0.0
461
0.0
452
        0
462
0.0
453
        0
470

  0
HATCH
  5
29B
330
28B
100
AcDbEntity
  8
0
  6
ByBlock
 62
     1
370
    -2
100
AcDbHatch
 10
0.0
 20
0.0
 30
0.0
210
0.0
220
0.0
230
1.0
  2
SOLID
 70
     1
 71
     0
 91
        1
 92
        1
 93
        4
 72
     1
 10
2.855690212853413
 20
4.980268434800152
 11
3.884875601503499
 21
5.997965439907132
 72
     3
 10
3.616084207103451
 20
3.619310715868437
 11
-2.100371617030335
 21
2.105743182640313
 40
0.7272374838958667
 50
-51.37398458568231
 51
90.07258394436846
 73
     1
 72
     1
 10
2.086644490463827
 20
2.089902447020629
 11
3.166350297058865
 21
3.169608350594691
 72
     3
 10
3.916350384633234
 20
3.919608263020328
 11
-1.060660171779822
 21
1.06066017177982
 40
0.7071067811865479
 50
270.0
 51
360.0
 73
     0
 97
        0
 75
     0
 76
     1
 98
        1
 10
-0.5836496153667691
 20
-0.5803917369796691
450
        0
451
        0
460
0.0
461
0.0
452
        0
462
0.0
453
        0
470

  0
HATCH
  5
29C
330
28B
100
AcDbEntity
  8
0
  6
ByBlock
 62
    16
370
    -2
100
AcDbHatch
 10
0.0
 20
0.0
 30
0.0
210
0.0
220
0.0
230
1.0
  2
SOLID
 70
     1
 71
     0
 91
        1
 92
        1
 93
        4
 72
     3
 10
6.016350058634039
 20
6.019608483132738
 11
1.697056250015035
 21
-1.697056097585735
 40
0.707106823289605
 50
41.73635945834901
 51
89.99999725514156
 73
     0
 72
     1
 10
4.816350112525936
 20
4.819608429240838
 11
3.166350297058865
 21
3.169608350594691
 72
     3
 10
3.916350263376428
 20
3.919608384277128
 11
1.060660219413979
 21
-1.060660124145662
 40
0.7071067811865479
 50
270.0
 51
360.0
 73
     1
 72
     1
 10
4.97701048279041
 20
2.858948260131466
 11
6.130086297713031
 21
4.025040813270303
 97
        0
 75
     0
 76
     1
 98
        1
 10
-0.5836496153667691
 20
-0.5803917369796691
450
        0
451
        0
460
0.0
461
0.0
452
        0
462
0.0
453
        0
470

  0
ELLIPSE
  5
29D
330
28B
100
AcDbEntity
  8
0
  6
ByBlock
 62
    16
370
    -2
100
AcDbEllipse
 10
2.74560949311422
 20
2.748898878482691
 30
0.0
 11
2.102762506119893
 21
-2.10249685412309
 31
0.0
210
0.0
220
0.0
230
-1.0
 40
0.7273153577411474
 41
0.0
 42
1.570834780022576
  0
HATCH
  5
29E
330
28B
100
AcDbEntity
  8
0
  6
ByBlock
 62
    16
370
    -2
100
AcDbHatch
 10
0.0
 20
0.0
 30
0.0
210
0.0
220
0.0
230
1.0
  2
SOLID
 70
     1
 71
     0
 91
        1
 92
        1
 93
        4
 72
     1
 10
4.848371999234113
 20
0.6464020243595999
 11
5.71866610506472
 21
1.516696208359883
 72
     3
 10
3.615903598944824
 20
3.619193062482973
 11
2.102762506119893
 21
-2.10249685412309
 40
0.7273153577411474
 50
0.0000000000000101
 51
90.00302923295981
 73
     0
 72
     1
 10
2.086644490463824
 20
2.089902447020627
 11
1.216350384633219
 21
1.219608263020343
 72
     3
 10
2.74560949311422
 20
2.748898878482691
 11
2.102762506119893
 21
-2.10249685412309
 40
0.7273153577411474
 50
269.9969707670402
 51
360.0
 73
     1
 97
        0
 75
     0
 76
     1
 98
        1
 10
-0.5836496153667691
 20
-0.5803917369796691
450
        0
451
        0
460
0.0
461
0.0
452
        0
462
0.0
453
        0
470

  0
LWPOLYLINE
  5
29F
330
28B
100
AcDbEntity
  8
0
  6
ByBlock
 62
   142
370
    -2
100
AcDbPolyline
 90
        4
 70
     0
 43
0.0
 10
1.016708450399582
 20
1.441598988888133
 10
-0.1957816673325549
 20
0.2317403753651965
 10
0.2284825847108673
 20
-0.1925236852500924
 10
1.436808397524364
 20
1.020441583780721
  0
ELLIPSE
  5
2A0
330
28B
100
AcDbEntity
  8
0
  6
ByBlock
 62
   142
370
    -2
100
AcDbEllipse
 10
2.745625212263143
 20
2.748883159335181
 30
0.0
 11
-1.756604150600404
 21
1.77093488810846
 31
0.0
210
0.0
220
0.0
230
1.0
 40
0.8670409785332552
 41
1.454507005412314
 42
1.693557107228887
  0
LINE
  5
2A1
330
28B
100
AcDbEntity
  8
0
  6
ByBlock
 62
    16
370
    -2
100
AcDbLine
 10
1.216350384633219
 20
1.219608263020343
 30
0.0
 11
2.086644490463824
 21
2.089902447020627
 31
0.0
  0
LINE
  5
2A2
330
28B
100
AcDbEntity
  8
0
  6
ByBlock
 62
    16
370
    -2
100
AcDbLine
 10
4.848371999234113
 20
0.6464020243595999
 30
0.0
 11
5.71866610506472
 21
1.516696208359883
 31
0.0
  0
ELLIPSE
  5
2A3
330
28B
100
AcDbEntity
  8
0
  6
ByBlock
 62
    14
370
    -2
100
AcDbEllipse
 10
3.916350384633234
 20
3.919608263020328
 30
0.0
 11
-1.060660171779821
 21
1.06066017177982
 31
0.0
210
0.0
220
0.0
230
0.9999999999999998
 40
0.7071067811865479
 41
0.0
 42
1.570796326794896
  0
HATCH
  5
2A4
330
28B
100
AcDbEntity
  8
0
  6
ByBlock
 62
    14
370
    -2
100
AcDbHatch
 10
0.0
 20
0.0
 30
0.0
210
0.0
220
0.0
230
1.0
  2
SOLID
 70
     1
 71
     0
 91
        1
 92
        1
 93
        4
 72
     3
 10
6.01635038917803
 20
6.019608152588762
 11
-1.697056173800387
 21
1.697056173800388
 40
0.707106823289605
 50
41.73635945834902
 51
89.99999725514156
 73
     1
 72
     1
 10
4.816350112525936
 20
4.819608429240838
 11
3.166350297058865
 21
3.169608350594691
 72
     3
 10
3.916350384633234
 20
3.919608263020328
 11
-1.060660171779822
 21
1.06066017177982
 40
0.7071067811865479
 50
270.0
 51
360.0
 73
     0
 72
     1
 10
2.855690212853413
 20
4.980268434800152
 11
4.021782714207711
 21
6.133344302091889
 97
        0
 75
     0
 76
     1
 98
        1
 10
-0.5836496153667691
 20
-0.5803917369796691
450
        0
451
        0
460
0.0
461
0.0
452
        0
462
0.0
453
        0
470

  0
LINE
  5
2A5
330
28B
100
AcDbEntity
  8
0
  6
ByBlock
 62
    14
370
    -2
100
AcDbLine
 10
0.643143982858692
 20
4.85162985187859
 30
0.0
 11
1.513438127774139
 21
5.721923996794034
 31
0.0
  0
ELLIPSE
  5
2A6
330
28B
100
AcDbEntity
  8
0
  6
ByBlock
 62
    12
370
    -2
100
AcDbEllipse
 10
6.016350389178032
 20
6.019608152588762
 30
0.0
 11
-1.697056173800388
 21
1.697056173800388
 31
0.0
210
0.0
220
0.0
230
0.9999999999999998
 40
0.7071068232896052
 41
0.0
 42
1.570796326794896
  0
HATCH
  5
2A7
330
28B
100
AcDbEntity
  8
0
  6
ByBlock
 62
    12
370
    -2
100
AcDbHatch
 10
0.0
 20
0.0
 30
0.0
210
0.0
220
0.0
230
1.0
  2
SOLID
 70
     1
 71
     0
 91
        1
 92
        1
 93
        4
 72
     1
 10
4.319294215377643
 20
7.716664326389151
 11
5.219294109785521
 21
8.616664537868043
 72
     3
 10
6.916350283585909
 20
6.919608364067656
 11
-1.697056173800388
 21
1.697056173800388
 40
0.7071068232896052
 50
0.0
 51
90.00000000000001
 73
     1
 72
     1
 10
5.716350283585905
 20
5.719608364067649
 11
4.816350112525934
 21
4.819608429240838
 72
     3
 10
6.016350389178032
 20
6.019608152588762
 11
-1.697056173800388
 21
1.697056173800388
 40
0.7071068232896052
 50
270.0
 51
360.0
 73
     0
 97
        0
 75
     0
 76
     1
 98
        1
 10
-0.5836496153667691
 20
-0.5803917369796691
450
        0
451
        0
460
0.0
461
0.0
452
        0
462
0.0
453
        0
470

  0
LINE
  5
2A8
330
28B
100
AcDbEntity
  8
0
  6
ByBlock
 62
    14
370
    -2
100
AcDbLine
 10
4.816350389178028
 20
4.819608152588759
 30
0.0
 11
5.716350283585905
 21
5.719608364067649
 31
0.0
  0
LINE
  5
2A9
330
28B
100
AcDbEntity
  8
0
  6
ByBlock
 62
    14
370
    -2
100
AcDbLine
 10
4.816350112525936
 20
4.819608429240838
 30
0.0
 11
5.716350283585905
 21
5.719608364067649
 31
0.0
  0
LINE
  5
2AA
330
28B
100
AcDbEntity
  8
0
  6
ByBlock
 62
    16
370
    -2
100
AcDbLine
 10
3.166350297058865
 20
3.169608350594691
 30
0.0
 11
4.816350112525936
 21
4.819608429240838
 31
0.0
  0
LINE
  5
2AB
330
28B
100
AcDbEntity
  8
0
  6
ByBlock
 62
    14
370
    -2
100
AcDbLine
 10
2.855690212853413
 20
4.980268434800152
 30
0.0
 11
4.021782714207711
 21
6.133344302091889
 31
0.0
  0
LINE
  5
2AC
330
28B
100
AcDbEntity
  8
0
  6
ByBlock
 62
    12
370
    -2
100
AcDbLine
 10
4.319294215377643
 20
7.716664326389151
 30
0.0
 11
5.219294109785521
 21
8.616664537868043
 31
0.0
  0
LINE
  5
2AD
330
28B
100
AcDbEntity
  8
0
  6
ByBlock
 62
    14
370
    -2
100
AcDbLine
 10
7.713406308649075
 20
4.322552385547004
 30
0.0
 11
8.613406479709048
 21
5.222552320373814
 31
0.0
  0
ENDBLK
  5
28D
330
28B
100
AcDbEntity
  8
0
100
AcDbBlockEnd
  0
BLOCK
  5
A09
330
A08
100
AcDbEntity
  8
0
100
AcDbBlockBegin
  2
*U3
 70
     1
 10
0.0
 20
0.0
 30
0.0
  3
*U3
  1

  0
LWPOLYLINE
  5
A0B
330
A08
100
AcDbEntity
  8
0
  6
ByBlock
 62
    12
370
    -2
100
AcDbPolyline
 90
        5
 70
     0
 43
0.0
 10
8.400003896806063
 20
2.999996231424848
 10
6.600003896806063
 20
2.999996231424849
 10
6.600003896806062
 20
-0.0000037685751507
 10
8.400003896806062
 20
-0.0000037685751519
 10
8.400003896806063
 20
2.999996231424848
  0
HATCH
  5
A0C
330
A08
100
AcDbEntity
  8
0
  6
ByBlock
 62
    12
370
    -2
100
AcDbHatch
 10
0.0
 20
0.0
 30
0.0
210
0.0
220
0.0
230
1.0
  2
SOLID
 70
     1
 71
     0
 91
        1
 92
        1
 93
        4
 72
     1
 10
8.400003896806063
 20
2.999996231424848
 11
6.600003896806065
 21
2.999996231424849
 72
     1
 10
6.600003896806063
 20
2.999996231424849
 11
6.60000389680606
 21
-0.0000037685751506
 72
     1
 10
6.600003896806062
 20
-0.0000037685751507
 11
8.400003896806062
 21
-0.0000037685751519
 72
     1
 10
8.400003896806062
 20
-0.0000037685751519
 11
8.400003896806065
 21
2.999996231424848
 97
        0
 75
     0
 76
     1
 98
        1
 10
0.0000038968060618
 20
-0.0000037685751479
450
        0
451
        0
460
0.0
461
0.0
452
        0
462
0.0
453
        0
470

  0
LWPOLYLINE
  5
A0D
330
A08
100
AcDbEntity
  8
0
  6
ByBlock
 62
    14
370
    -2
100
AcDbPolyline
 90
        5
 70
     0
 43
0.0
 10
8.400003896806062
 20
-3.00000376857515
 10
6.600003896806062
 20
-3.00000376857515
 10
6.600003896806062
 20
-0.0000037685751505
 10
8.400003896806062
 20
-0.0000037685751505
 10
8.400003896806062
 20
-3.00000376857515
  0
HATCH
  5
A0E
330
A08
100
AcDbEntity
  8
0
  6
ByBlock
 62
    14
370
    -2
100
AcDbHatch
 10
0.0
 20
0.0
 30
0.0
210
0.0
220
0.0
230
1.0
  2
SOLID
 70
     1
 71
     0
 91
        1
 92
        1
 93
        4
 72
     1
 10
8.400003896806062
 20
-3.00000376857515
 11
6.600003896806063
 21
-3.00000376857515
 72
     1
 10
6.600003896806062
 20
-3.00000376857515
 11
6.600003896806062
 21
-0.0000037685751506
 72
     1
 10
6.600003896806062
 20
-0.0000037685751505
 11
8.400003896806062
 21
-0.0000037685751505
 72
     1
 10
8.400003896806062
 20
-0.0000037685751505
 11
8.400003896806062
 21
-3.00000376857515
 97
        0
 75
     0
 76
     1
 98
        1
 10
0.0000038968060618
 20
-0.0000037685751479
450
        0
451
        0
460
0.0
461
0.0
452
        0
462
0.0
453
        0
470

  0
LWPOLYLINE
  5
A0F
330
A08
100
AcDbEntity
  8
0
  6
ByBlock
 62
   142
370
    -2
100
AcDbPolyline
 90
        6
 70
     0
 43
0.0
 10
6.600003896806062
 20
0.2999962314248493
 10
1.200003896806062
 20
0.2999962314248514
 10
0.0000038968060618
 20
-0.0000037685751479
 10
1.200003896806061
 20
-0.3000037685751486
 10
6.600003896806062
 20
-0.3000037685751508
 10
6.600003896806062
 20
0.2999962314248493
  0
HATCH
  5
A10
330
A08
100
AcDbEntity
  8
0
  6
ByBlock
 62
   142
370
    -2
100
AcDbHatch
 10
0.0
 20
0.0
 30
0.0
210
0.0
220
0.0
230
1.0
  2
SOLID
 70
     1
 71
     0
 91
        1
 92
        1
 93
        5
 72
     1
 10
6.600003896806062
 20
0.2999962314248493
 11
1.200003896806062
 21
0.2999962314248514
 72
     1
 10
1.200003896806062
 20
0.2999962314248514
 11
0.0000038968060618
 21
-0.0000037685751479
 72
     1
 10
0.0000038968060618
 20
-0.0000037685751479
 11
1.200003896806061
 21
-0.3000037685751486
 72
     1
 10
1.200003896806061
 20
-0.3000037685751486
 11
6.600003896806062
 21
-0.3000037685751508
 72
     1
 10
6.600003896806062
 20
-0.3000037685751508
 11
6.600003896806062
 21
0.2999962314248493
 97
        0
 75
     0
 76
     1
 98
        1
 10
0.0000038968060618
 20
-0.0000037685751479
450
        0
451
        0
460
0.0
461
0.0
452
        0
462
0.0
453
        0
470

  0
LWPOLYLINE
  5
A11
330
A08
100
AcDbEntity
  8
0
  6
ByBlock
 62
    14
370
    -2
100
AcDbPolyline
 90
        5
 70
     0
 43
0.0
 10
12.60000389680606
 20
-1.50000376857515
 10
9.000003896806061
 20
-1.50000376857515
 10
9.000003896806061
 20
-0.0000037685751502
 10
12.60000389680606
 20
-0.0000037685751502
 10
12.60000389680606
 20
-1.50000376857515
  0
HATCH
  5
A12
330
A08
100
AcDbEntity
  8
0
  6
ByBlock
 62
    14
370
    -2
100
AcDbHatch
 10
0.0
 20
0.0
 30
0.0
210
0.0
220
0.0
230
1.0
  2
SOLID
 70
     1
 71
     0
 91
        1
 92
        1
 93
        4
 72
     1
 10
12.60000389680606
 20
-1.50000376857515
 11
9.00000389680606
 21
-1.500003768575149
 72
     1
 10
9.000003896806061
 20
-1.50000376857515
 11
9.000003896806061
 21
-0.0000037685751502
 72
     1
 10
9.000003896806061
 20
-0.0000037685751502
 11
12.60000389680606
 21
-0.0000037685751502
 72
     1
 10
12.60000389680606
 20
-0.0000037685751502
 11
12.60000389680606
 21
-1.50000376857515
 97
        0
 75
     0
 76
     1
 98
        1
 10
0.0000038968060618
 20
-0.0000037685751479
450
        0
451
        0
460
0.0
461
0.0
452
        0
462
0.0
453
        0
470

  0
LWPOLYLINE
  5
A13
330
A08
100
AcDbEntity
  8
0
  6
ByBlock
 62
    12
370
    -2
100
AcDbPolyline
 90
        5
 70
     0
 43
0.0
 10
12.60000389680606
 20
1.499996231424845
 10
9.000003896806063
 20
1.499996231424847
 10
9.000003896806061
 20
-0.0000037685751526
 10
12.60000389680606
 20
-0.000003768575155
 10
12.60000389680606
 20
1.499996231424845
  0
HATCH
  5
A14
330
A08
100
AcDbEntity
  8
0
  6
ByBlock
 62
    12
370
    -2
100
AcDbHatch
 10
0.0
 20
0.0
 30
0.0
210
0.0
220
0.0
230
1.0
  2
SOLID
 70
     1
 71
     0
 91
        1
 92
        1
 93
        4
 72
     1
 10
12.60000389680606
 20
1.499996231424845
 11
9.000003896806061
 21
1.499996231424847
 72
     1
 10
9.000003896806063
 20
1.499996231424847
 11
9.000003896806061
 21
-0.0000037685751526
 72
     1
 10
9.000003896806061
 20
-0.0000037685751526
 11
12.60000389680606
 21
-0.000003768575155
 72
     1
 10
12.60000389680606
 20
-0.000003768575155
 11
12.60000389680606
 21
1.499996231424844
 97
        0
 75
     0
 76
     1
 98
        1
 10
0.0000038968060618
 20
-0.0000037685751479
450
        0
451
        0
460
0.0
461
0.0
452
        0
462
0.0
453
        0
470

  0
LWPOLYLINE
  5
A15
330
A08
100
AcDbEntity
  8
0
  6
ByBlock
 62
    12
370
    -2
100
AcDbPolyline
 90
        5
 70
     0
 43
0.0
 10
9.000003896806061
 20
-1.50000376857515
 10
8.400003896806062
 20
-3.00000376857515
 10
8.400003896806062
 20
-0.0000037685751505
 10
9.000003896806061
 20
-0.0000037685751502
 10
9.000003896806061
 20
-1.50000376857515
  0
HATCH
  5
A16
330
A08
100
AcDbEntity
  8
0
  6
ByBlock
 62
    12
370
    -2
100
AcDbHatch
 10
0.0
 20
0.0
 30
0.0
210
0.0
220
0.0
230
1.0
  2
SOLID
 70
     1
 71
     0
 91
        1
 92
        1
 93
        4
 72
     1
 10
9.000003896806061
 20
-1.50000376857515
 11
8.400003896806062
 21
-3.00000376857515
 72
     1
 10
8.400003896806062
 20
-3.00000376857515
 11
8.400003896806062
 21
-0.0000037685751506
 72
     1
 10
8.400003896806062
 20
-0.0000037685751505
 11
9.000003896806063
 21
-0.0000037685751502
 72
     1
 10
9.000003896806061
 20
-0.0000037685751502
 11
9.000003896806061
 21
-1.50000376857515
 97
        0
 75
     0
 76
     1
 98
        1
 10
0.0000038968060618
 20
-0.0000037685751479
450
        0
451
        0
460
0.0
461
0.0
452
        0
462
0.0
453
        0
470

  0
LWPOLYLINE
  5
A17
330
A08
100
AcDbEntity
  8
0
  6
ByBlock
 62
     1
370
    -2
100
AcDbPolyline
 90
        5
 70
     0
 43
0.0
 10
9.000003896806063
 20
1.499996231424847
 10
8.400003896806063
 20
2.999996231424848
 10
8.400003896806062
 20
-0.0000037685751519
 10
9.000003896806061
 20
-0.0000037685751526
 10
9.000003896806063
 20
1.499996231424847
  0
HATCH
  5
A18
330
A08
100
AcDbEntity
  8
0
  6
ByBlock
 62
     1
370
    -2
100
AcDbHatch
 10
0.0
 20
0.0
 30
0.0
210
0.0
220
0.0
230
1.0
  2
SOLID
 70
     1
 71
     0
 91
        1
 92
        1
 93
        4
 72
     1
 10
9.000003896806063
 20
1.499996231424847
 11
8.400003896806062
 21
2.999996231424848
 72
     1
 10
8.400003896806063
 20
2.999996231424848
 11
8.400003896806062
 21
-0.0000037685751519
 72
     1
 10
8.400003896806062
 20
-0.0000037685751519
 11
9.000003896806063
 21
-0.0000037685751526
 72
     1
 10
9.000003896806061
 20
-0.0000037685751526
 11
9.000003896806063
 21
1.499996231424847
 97
        0
 75
     0
 76
     1
 98
        1
 10
0.0000038968060618
 20
-0.0000037685751479
450
        0
451
        0
460
0.0
461
0.0
452
        0
462
0.0
453
        0
470

  0
LWPOLYLINE
  5
A19
330
A08
100
AcDbEntity
  8
0
  6
ByBlock
 62
    14
370
    -2
100
AcDbPolyline
 90
        5
 70
     0
 43
0.0
 10
15.00000389680606
 20
-2.400003768575154
 10
13.20000389680606
 20
-2.400003768575152
 10
13.20000389680606
 20
-0.0000037685751521
 10
15.00000389680606
 20
-0.0000037685751534
 10
15.00000389680606
 20
-2.400003768575154
  0
HATCH
  5
A1A
330
A08
100
AcDbEntity
  8
0
  6
ByBlock
 62
    14
370
    -2
100
AcDbHatch
 10
0.0
 20
0.0
 30
0.0
210
0.0
220
0.0
230
1.0
  2
SOLID
 70
     1
 71
     0
 91
        1
 92
        1
 93
        4
 72
     1
 10
15.00000389680606
 20
-2.400003768575154
 11
13.20000389680606
 21
-2.400003768575152
 72
     1
 10
13.20000389680606
 20
-2.400003768575152
 11
13.20000389680606
 21
-0.0000037685751519
 72
     1
 10
13.20000389680606
 20
-0.0000037685751521
 11
15.00000389680606
 21
-0.0000037685751534
 72
     1
 10
15.00000389680606
 20
-0.0000037685751534
 11
15.00000389680606
 21
-2.400003768575154
 97
        0
 75
     0
 76
     1
 98
        1
 10
0.0000038968060618
 20
-0.0000037685751479
450
        0
451
        0
460
0.0
461
0.0
452
        0
462
0.0
453
        0
470

  0
LWPOLYLINE
  5
A1B
330
A08
100
AcDbEntity
  8
0
  6
ByBlock
 62
    16
370
    -2
100
AcDbPolyline
 90
        5
 70
     0
 43
0.0
 10
13.20000389680606
 20
-2.400003768575152
 10
12.60000389680606
 20
-1.50000376857515
 10
12.60000389680606
 20
-0.0000037685751502
 10
13.20000389680606
 20
-0.0000037685751521
 10
13.20000389680606
 20
-2.400003768575152
  0
HATCH
  5
A1C
330
A08
100
AcDbEntity
  8
0
  6
ByBlock
 62
    16
370
    -2
100
AcDbHatch
 10
0.0
 20
0.0
 30
0.0
210
0.0
220
0.0
230
1.0
  2
SOLID
 70
     1
 71
     0
 91
        1
 92
        1
 93
        4
 72
     1
 10
13.20000389680606
 20
-2.400003768575152
 11
12.60000389680606
 21
-1.50000376857515
 72
     1
 10
12.60000389680606
 20
-1.50000376857515
 11
12.60000389680606
 21
-0.0000037685751499
 72
     1
 10
12.60000389680606
 20
-0.0000037685751502
 11
13.20000389680606
 21
-0.0000037685751521
 72
     1
 10
13.20000389680606
 20
-0.0000037685751521
 11
13.20000389680606
 21
-2.400003768575152
 97
        0
 75
     0
 76
     1
 98
        1
 10
0.0000038968060618
 20
-0.0000037685751479
450
        0
451
        0
460
0.0
461
0.0
452
        0
462
0.0
453
        0
470

  0
LWPOLYLINE
  5
A1D
330
A08
100
AcDbEntity
  8
0
  6
ByBlock
 62
    12
370
    -2
100
AcDbPolyline
 90
        5
 70
     0
 43
0.0
 10
15.00000389680606
 20
2.399996231424847
 10
13.20000389680606
 20
2.399996231424846
 10
13.20000389680606
 20
-0.0000037685751535
 10
15.00000389680606
 20
-0.0000037685751534
 10
15.00000389680606
 20
2.399996231424847
  0
HATCH
  5
A1E
330
A08
100
AcDbEntity
  8
0
  6
ByBlock
 62
    12
370
    -2
100
AcDbHatch
 10
0.0
 20
0.0
 30
0.0
210
0.0
220
0.0
230
1.0
  2
SOLID
 70
     1
 71
     0
 91
        1
 92
        1
 93
        4
 72
     1
 10
15.00000389680606
 20
2.399996231424847
 11
13.20000389680606
 21
2.399996231424846
 72
     1
 10
13.20000389680606
 20
2.399996231424846
 11
13.20000389680606
 21
-0.0000037685751537
 72
     1
 10
13.20000389680606
 20
-0.0000037685751535
 11
15.00000389680606
 21
-0.0000037685751534
 72
     1
 10
15.00000389680606
 20
-0.0000037685751534
 11
15.00000389680606
 21
2.399996231424847
 97
        0
 75
     0
 76
     1
 98
        1
 10
0.0000038968060618
 20
-0.0000037685751479
450
        0
451
        0
460
0.0
461
0.0
452
        0
462
0.0
453
        0
470

  0
LWPOLYLINE
  5
A1F
330
A08
100
AcDbEntity
  8
0
  6
ByBlock
 62
    14
370
    -2
100
AcDbPolyline
 90
        5
 70
     0
 43
0.0
 10
13.20000389680606
 20
2.399996231424846
 10
12.60000389680606
 20
1.499996231424845
 10
12.60000389680606
 20
-0.000003768575155
 10
13.20000389680606
 20
-0.0000037685751535
 10
13.20000389680606
 20
2.399996231424846
  0
HATCH
  5
A20
330
A08
100
AcDbEntity
  8
0
  6
ByBlock
 62
    14
370
    -2
100
AcDbHatch
 10
0.0
 20
0.0
 30
0.0
210
0.0
220
0.0
230
1.0
  2
SOLID
 70
     1
 71
     0
 91
        1
 92
        1
 93
        4
 72
     1
 10
13.20000389680606
 20
2.399996231424846
 11
12.60000389680606
 21
1.499996231424845
 72
     1
 10
12.60000389680606
 20
1.499996231424845
 11
12.60000389680606
 21
-0.0000037685751548
 72
     1
 10
12.60000389680606
 20
-0.000003768575155
 11
13.20000389680606
 21
-0.0000037685751535
 72
     1
 10
13.20000389680606
 20
-0.0000037685751535
 11
13.20000389680606
 21
2.399996231424846
 97
        0
 75
     0
 76
     1
 98
        1
 10
0.0000038968060618
 20
-0.0000037685751479
450
        0
451
        0
460
0.0
461
0.0
452
        0
462
0.0
453
        0
470

  0
ENDBLK
  5
A0A
330
A08
100
AcDbEntity
  8
0
100
AcDbBlockEnd
  0
BLOCK
  5
A22
330
A21
100
AcDbEntity
  8
0
100
AcDbBlockBegin
  2
*U4
 70
     1
 10
0.0
 20
0.0
 30
0.0
  3
*U4
  1

  0
HATCH
  5
A24
330
A21
100
AcDbEntity
  8
0
  6
ByBlock
 62
   142
370
    -2
100
AcDbHatch
 10
0.0
 20
0.0
 30
0.0
210
0.0
220
0.0
230
1.0
  2
SOLID
 70
     1
 71
     0
 91
        1
 92
        1
 93
        4
 72
     1
 10
1.016708450399582
 20
1.441598988888134
 11
-0.195781667332555
 21
0.2317403753651965
 72
     1
 10
-0.1957816673325549
 20
0.2317403753651965
 11
0.2284825847108673
 21
-0.1925236852500924
 72
     1
 10
0.2284825847108673
 20
-0.1925236852500924
 11
1.436808397524365
 21
1.020441583780722
 72
     3
 10
2.745625212263143
 20
2.748883159335181
 11
-1.756604150600404
 21
1.77093488810846
 40
0.8670409785332552
 50
261.9011015621698
 51
277.673250558134
 73
     0
 97
        0
 75
     0
 76
     1
 98
        1
 10
-0.5836496153667691
 20
-0.5803917369796691
450
        0
451
        0
460
0.0
461
0.0
452
        0
462
0.0
453
        0
470

  0
HATCH
  5
A25
330
A21
100
AcDbEntity
  8
0
  6
ByBlock
 62
     1
370
    -2
100
AcDbHatch
 10
0.0
 20
0.0
 30
0.0
210
0.0
220
0.0
230
1.0
  2
SOLID
 70
     1
 71
     0
 91
        1
 92
        1
 93
        1
 72
     3
 10
6.91635028358591
 20
6.919608364067654
 11
-1.697056173800388
 21
1.697056173800388
 40
0.7071068232896046
 50
0.0
 51
360.0
 73
     1
 97
        0
 75
     0
 76
     1
 98
        1
 10
-0.5836496153667691
 20
-0.5803917369796691
450
        0
451
        0
460
0.0
461
0.0
452
        0
462
0.0
453
        0
470

  0
ELLIPSE
  5
A26
330
A21
100
AcDbEntity
  8
0
  6
ByBlock
 62
    14
370
    -2
100
AcDbEllipse
 10
6.016350058634039
 20
6.01960848313274
 30
0.0
 11
1.697056250015036
 21
-1.697056097585737
 31
0.0
210
0.0
220
0.0
230
-0.9999999999999998
 40
0.7071068232896051
 41
0.0
 42
1.570796326794896
  0
ELLIPSE
  5
A27
330
A21
100
AcDbEntity
  8
0
  6
ByBlock
 62
     1
370
    -2
100
AcDbEllipse
 10
6.91635028358591
 20
6.919608364067654
 30
0.0
 11
-1.697056173800388
 21
1.697056173800388
 31
0.0
210
0.0
220
0.0
230
1.0
 40
0.7071068232896045
 41
0.0
 42
6.283185307179586
  0
HATCH
  5
A28
330
A21
100
AcDbEntity
  8
0
  6
ByBlock
 62
    14
370
    -2
100
AcDbHatch
 10
0.0
 20
0.0
 30
0.0
210
0.0
220
0.0
230
1.0
  2
SOLID
 70
     1
 71
     0
 91
        1
 92
        1
 93
        4
 72
     3
 10
6.91635022969401
 20
6.919608417959553
 11
1.697056250015037
 21
-1.697056097585738
 40
0.707106823289605
 50
0.0
 51
90.00000000000001
 73
     0
 72
     1
 10
5.716350283585905
 20
5.71960836406765
 11
4.816350112525935
 21
4.819608429240838
 72
     3
 10
6.016350058634039
 20
6.01960848313274
 11
1.697056250015037
 21
-1.697056097585738
 40
0.707106823289605
 50
270.0
 51
360.0
 73
     1
 72
     1
 10
7.713406308649075
 20
4.322552385547004
 11
8.613406479709045
 21
5.222552320373814
 97
        0
 75
     0
 76
     1
 98
        1
 10
-0.5836496153667691
 20
-0.5803917369796691
450
        0
451
        0
460
0.0
461
0.0
452
        0
462
0.0
453
        0
470

  0
LINE
  5
A29
330
A21
100
AcDbEntity
  8
0
  6
ByBlock
 62
    12
370
    -2
100
AcDbLine
 10
2.086644490463827
 20
2.08990244702063
 30
0.0
 11
3.166350297058865
 21
3.169608350594691
 31
0.0
  0
LINE
  5
A2A
330
A21
100
AcDbEntity
  8
0
  6
ByBlock
 62
    16
370
    -2
100
AcDbLine
 10
4.97701048279041
 20
2.858948260131466
 30
0.0
 11
6.130086297713031
 21
4.025040813270303
 31
0.0
  0
ELLIPSE
  5
A2B
330
A21
100
AcDbEntity
  8
0
  6
ByBlock
 62
    16
370
    -2
100
AcDbEllipse
 10
3.916350263376429
 20
3.919608384277128
 30
0.0
 11
1.060660219413979
 21
-1.060660124145662
 31
0.0
210
0.0
220
0.0
230
-1.0
 40
0.707106781186548
 41
0.0
 42
1.570796326794896
  0
ELLIPSE
  5
A2C
330
A21
100
AcDbEntity
  8
0
  6
ByBlock
 62
    12
370
    -2
100
AcDbEllipse
 10
3.616052729709465
 20
3.619342193261009
 30
0.0
 11
-2.103486538305286
 21
2.101946489923181
 31
0.0
210
0.0
220
0.0
230
-0.9999999999999998
 40
0.727356178971097
 41
2.096626351636923
 42
4.712647849490229
  0
ELLIPSE
  5
A2D
330
A21
100
AcDbEntity
  8
0
  6
ByBlock
 62
    14
370
    -2
100
AcDbEllipse
 10
2.745640931416668
 20
2.748867440181656
 30
0.0
 11
-2.102496948557976
 21
2.102762411696934
 31
0.0
210
0.0
220
0.0
230
1.0
 40
0.7273153577411474
 41
0.0
 42
1.570834780022577
  0
ELLIPSE
  5
A2E
330
A21
100
AcDbEntity
  8
0
  6
ByBlock
 62
     1
370
    -2
100
AcDbEllipse
 10
3.616084207103452
 20
3.619310715868437
 30
0.0
 11
-2.100371617030334
 21
2.105743182640311
 31
0.0
210
0.0
220
0.0
230
1.0
 40
0.7272374838958666
 41
-1.044399622418267
 42
1.571717612425809
  0
HATCH
  5
A2F
330
A21
100
AcDbEntity
  8
0
  6
ByBlock
 62
    14
370
    -2
100
AcDbHatch
 10
0.0
 20
0.0
 30
0.0
210
0.0
220
0.0
230
1.0
  2
SOLID
 70
     1
 71
     0
 91
        1
 92
        1
 93
        4
 72
     1
 10
0.643143982858692
 20
4.851629851878591
 11
1.513438127774139
 21
5.721923996794034
 72
     3
 10
3.615935076332115
 20
3.619161585097099
 11
-2.102496948557977
 21
2.102762411696934
 40
0.7273153577411473
 50
0.0
 51
90.00302923295979
 73
     1
 72
     1
 10
2.086644490463825
 20
2.089902447020627
 11
1.21635038463322
 21
1.219608263020344
 72
     3
 10
2.745640931416668
 20
2.748867440181656
 11
-2.102496948557977
 21
2.102762411696934
 40
0.7273153577411473
 50
269.9969707670402
 51
360.0
 73
     0
 97
        0
 75
     0
 76
     1
 98
        1
 10
-0.5836496153667691
 20
-0.5803917369796691
450
        0
451
        0
460
0.0
461
0.0
452
        0
462
0.0
453
        0
470

  0
HATCH
  5
A30
330
A21
100
AcDbEntity
  8
0
  6
ByBlock
 62
    12
370
    -2
100
AcDbHatch
 10
0.0
 20
0.0
 30
0.0
210
0.0
220
0.0
230
1.0
  2
SOLID
 70
     1
 71
     0
 91
        1
 92
        1
 93
        4
 72
     1
 10
4.977010482790408
 20
2.858948260131466
 11
5.99418391239882
 21
3.88760470471042
 72
     3
 10
3.616052729709465
 20
3.619342193261009
 11
-2.103486538305287
 21
2.101946489923181
 40
0.7273561789710969
 50
128.5850003162163
 51
270.0203918071058
 73
     0
 72
     1
 10
2.086644490463827
 20
2.08990244702063
 11
3.166350297058865
 21
3.169608350594692
 72
     3
 10
3.916350263376429
 20
3.919608384277128
 11
1.060660219413979
 21
-1.060660124145662
 40
0.7071067811865479
 50
270.0
 51
360.0
 73
     1
 97
        0
 75
     0
 76
     1
 98
        1
 10
-0.5836496153667691
 20
-0.5803917369796691
450
        0
451
        0
460
0.0
461
0.0
452
        0
462
0.0
453
        0
470

  0
HATCH
  5
A31
330
A21
100
AcDbEntity
  8
0
  6
ByBlock
 62
     1
370
    -2
100
AcDbHatch
 10
0.0
 20
0.0
 30
0.0
210
0.0
220
0.0
230
1.0
  2
SOLID
 70
     1
 71
     0
 91
        1
 92
        1
 93
        4
 72
     1
 10
2.855690212853413
 20
4.980268434800151
 11
3.8848756015035
 21
5.997965439907133
 72
     3
 10
3.616084207103452
 20
3.619310715868437
 11
-2.100371617030335
 21
2.105743182640313
 40
0.7272374838958666
 50
-51.37398458568231
 51
90.07258394436849
 73
     1
 72
     1
 10
2.086644490463827
 20
2.08990244702063
 11
3.166350297058865
 21
3.169608350594692
 72
     3
 10
3.916350384633234
 20
3.919608263020329
 11
-1.060660171779822
 21
1.060660171779821
 40
0.707106781186548
 50
270.0
 51
360.0
 73
     0
 97
        0
 75
     0
 76
     1
 98
        1
 10
-0.5836496153667691
 20
-0.5803917369796691
450
        0
451
        0
460
0.0
461
0.0
452
        0
462
0.0
453
        0
470

  0
HATCH
  5
A32
330
A21
100
AcDbEntity
  8
0
  6
ByBlock
 62
    16
370
    -2
100
AcDbHatch
 10
0.0
 20
0.0
 30
0.0
210
0.0
220
0.0
230
1.0
  2
SOLID
 70
     1
 71
     0
 91
        1
 92
        1
 93
        4
 72
     3
 10
6.016350058634039
 20
6.019608483132738
 11
1.697056250015036
 21
-1.697056097585735
 40
0.7071068232896049
 50
41.73635945834901
 51
89.99999725514156
 73
     0
 72
     1
 10
4.816350112525936
 20
4.819608429240838
 11
3.166350297058865
 21
3.169608350594691
 72
     3
 10
3.916350263376429
 20
3.919608384277128
 11
1.060660219413979
 21
-1.060660124145662
 40
0.7071067811865479
 50
270.0
 51
360.0
 73
     1
 72
     1
 10
4.97701048279041
 20
2.858948260131466
 11
6.130086297713033
 21
4.025040813270303
 97
        0
 75
     0
 76
     1
 98
        1
 10
-0.5836496153667691
 20
-0.5803917369796691
450
        0
451
        0
460
0.0
461
0.0
452
        0
462
0.0
453
        0
470

  0
ELLIPSE
  5
A33
330
A21
100
AcDbEntity
  8
0
  6
ByBlock
 62
    16
370
    -2
100
AcDbEllipse
 10
2.74560949311422
 20
2.748898878482691
 30
0.0
 11
2.102762506119893
 21
-2.102496854123091
 31
0.0
210
0.0
220
0.0
230
-1.0
 40
0.7273153577411473
 41
0.0
 42
1.570834780022577
  0
HATCH
  5
A34
330
A21
100
AcDbEntity
  8
0
  6
ByBlock
 62
    16
370
    -2
100
AcDbHatch
 10
0.0
 20
0.0
 30
0.0
210
0.0
220
0.0
230
1.0
  2
SOLID
 70
     1
 71
     0
 91
        1
 92
        1
 93
        4
 72
     1
 10
4.848371999234114
 20
0.6464020243595999
 11
5.71866610506472
 21
1.516696208359883
 72
     3
 10
3.615903598944825
 20
3.619193062482974
 11
2.102762506119893
 21
-2.102496854123091
 40
0.7273153577411473
 50
0.0000000000000101
 51
90.00302923295981
 73
     0
 72
     1
 10
2.086644490463825
 20
2.089902447020627
 11
1.21635038463322
 21
1.219608263020344
 72
     3
 10
2.74560949311422
 20
2.748898878482691
 11
2.102762506119893
 21
-2.102496854123091
 40
0.7273153577411473
 50
269.9969707670402
 51
360.0
 73
     1
 97
        0
 75
     0
 76
     1
 98
        1
 10
-0.5836496153667691
 20
-0.5803917369796691
450
        0
451
        0
460
0.0
461
0.0
452
        0
462
0.0
453
        0
470

  0
LWPOLYLINE
  5
A35
330
A21
100
AcDbEntity
  8
0
  6
ByBlock
 62
   142
370
    -2
100
AcDbPolyline
 90
        4
 70
     0
 43
0.0
 10
1.016708450399582
 20
1.441598988888134
 10
-0.1957816673325549
 20
0.2317403753651965
 10
0.2284825847108673
 20
-0.1925236852500924
 10
1.436808397524365
 20
1.020441583780722
  0
ELLIPSE
  5
A36
330
A21
100
AcDbEntity
  8
0
  6
ByBlock
 62
   142
370
    -2
100
AcDbEllipse
 10
2.745625212263143
 20
2.748883159335181
 30
0.0
 11
-1.756604150600404
 21
1.77093488810846
 31
0.0
210
0.0
220
0.0
230
1.0
 40
0.8670409785332552
 41
1.454507005412315
 42
1.693557107228887
  0
LINE
  5
A37
330
A21
100
AcDbEntity
  8
0
  6
ByBlock
 62
    16
370
    -2
100
AcDbLine
 10
1.21635038463322
 20
1.219608263020344
 30
0.0
 11
2.086644490463825
 21
2.089902447020627
 31
0.0
  0
LINE
  5
A38
330
A21
100
AcDbEntity
  8
0
  6
ByBlock
 62
    16
370
    -2
100
AcDbLine
 10
4.848371999234114
 20
0.6464020243595999
 30
0.0
 11
5.71866610506472
 21
1.516696208359883
 31
0.0
  0
ELLIPSE
  5
A39
330
A21
100
AcDbEntity
  8
0
  6
ByBlock
 62
    14
370
    -2
100
AcDbEllipse
 10
3.916350384633234
 20
3.919608263020329
 30
0.0
 11
-1.060660171779822
 21
1.060660171779821
 31
0.0
210
0.0
220
0.0
230
1.0
 40
0.707106781186548
 41
0.0
 42
1.570796326794896
  0
HATCH
  5
A3A
330
A21
100
AcDbEntity
  8
0
  6
ByBlock
 62
    14
370
    -2
100
AcDbHatch
 10
0.0
 20
0.0
 30
0.0
210
0.0
220
0.0
230
1.0
  2
SOLID
 70
     1
 71
     0
 91
        1
 92
        1
 93
        4
 72
     3
 10
6.01635038917803
 20
6.019608152588764
 11
-1.697056173800387
 21
1.697056173800388
 40
0.707106823289605
 50
41.73635945834902
 51
89.99999725514156
 73
     1
 72
     1
 10
4.816350112525936
 20
4.819608429240838
 11
3.166350297058865
 21
3.169608350594691
 72
     3
 10
3.916350384633234
 20
3.919608263020329
 11
-1.060660171779822
 21
1.060660171779821
 40
0.707106781186548
 50
270.0
 51
360.0
 73
     0
 72
     1
 10
2.855690212853413
 20
4.980268434800151
 11
4.021782714207711
 21
6.13334430209189
 97
        0
 75
     0
 76
     1
 98
        1
 10
-0.5836496153667691
 20
-0.5803917369796691
450
        0
451
        0
460
0.0
461
0.0
452
        0
462
0.0
453
        0
470

  0
LINE
  5
A3B
330
A21
100
AcDbEntity
  8
0
  6
ByBlock
 62
    14
370
    -2
100
AcDbLine
 10
0.643143982858692
 20
4.851629851878591
 30
0.0
 11
1.513438127774139
 21
5.721923996794034
 31
0.0
  0
ELLIPSE
  5
A3C
330
A21
100
AcDbEntity
  8
0
  6
ByBlock
 62
    12
370
    -2
100
AcDbEllipse
 10
6.016350389178031
 20
6.019608152588764
 30
0.0
 11
-1.697056173800388
 21
1.697056173800388
 31
0.0
210
0.0
220
0.0
230
1.0
 40
0.7071068232896052
 41
0.0
 42
1.570796326794896
  0
HATCH
  5
A3D
330
A21
100
AcDbEntity
  8
0
  6
ByBlock
 62
    12
370
    -2
100
AcDbHatch
 10
0.0
 20
0.0
 30
0.0
210
0.0
220
0.0
230
1.0
  2
SOLID
 70
     1
 71
     0
 91
        1
 92
        1
 93
        4
 72
     1
 10
4.319294215377643
 20
7.716664326389152
 11
5.219294109785522
 21
8.616664537868043
 72
     3
 10
6.91635028358591
 20
6.919608364067656
 11
-1.697056173800388
 21
1.697056173800388
 40
0.7071068232896052
 50
0.0
 51
90.00000000000001
 73
     1
 72
     1
 10
5.716350283585905
 20
5.71960836406765
 11
4.816350112525935
 21
4.819608429240838
 72
     3
 10
6.016350389178031
 20
6.019608152588764
 11
-1.697056173800388
 21
1.697056173800388
 40
0.7071068232896052
 50
270.0
 51
360.0
 73
     0
 97
        0
 75
     0
 76
     1
 98
        1
 10
-0.5836496153667691
 20
-0.5803917369796691
450
        0
451
        0
460
0.0
461
0.0
452
        0
462
0.0
453
        0
470

  0
LINE
  5
A3E
330
A21
100
AcDbEntity
  8
0
  6
ByBlock
 62
    14
370
    -2
100
AcDbLine
 10
4.816350389178028
 20
4.81960815258876
 30
0.0
 11
5.716350283585905
 21
5.71960836406765
 31
0.0
  0
LINE
  5
A3F
330
A21
100
AcDbEntity
  8
0
  6
ByBlock
 62
    14
370
    -2
100
AcDbLine
 10
4.816350112525936
 20
4.819608429240838
 30
0.0
 11
5.716350283585905
 21
5.71960836406765
 31
0.0
  0
LINE
  5
A40
330
A21
100
AcDbEntity
  8
0
  6
ByBlock
 62
    16
370
    -2
100
AcDbLine
 10
3.166350297058865
 20
3.169608350594691
 30
0.0
 11
4.816350112525936
 21
4.819608429240838
 31
0.0
  0
LINE
  5
A41
330
A21
100
AcDbEntity
  8
0
  6
ByBlock
 62
    14
370
    -2
100
AcDbLine
 10
2.855690212853413
 20
4.980268434800151
 30
0.0
 11
4.021782714207711
 21
6.13334430209189
 31
0.0
  0
LINE
  5
A42
330
A21
100
AcDbEntity
  8
0
  6
ByBlock
 62
    12
370
    -2
100
AcDbLine
 10
4.319294215377643
 20
7.716664326389152
 30
0.0
 11
5.219294109785522
 21
8.616664537868043
 31
0.0
  0
LINE
  5
A43
330
A21
100
AcDbEntity
  8
0
  6
ByBlock
 62
    14
370
    -2
100
AcDbLine
 10
7.713406308649075
 20
4.322552385547004
 30
0.0
 11
8.613406479709047
 21
5.222552320373815
 31
0.0
  0
ENDBLK
  5
A23
330
A21
100
AcDbEntity
  8
0
100
AcDbBlockEnd
  0
ENDSEC
  0
SECTION
  2
ENTITIES
  0
LWPOLYLINE
  5
9E3
330
1F
100
AcDbEntity
  8
Highway_Road Edge
100
AcDbPolyline
 90
      890
 70
     0
 43
0.0
 10
586509.504366252
 20
3917588.606184967
 10
586512.9186844343
 20
3917591.273300937
 10
586518.3062660709
 20
3917595.604950534
 10
586523.3715137636
 20
3917599.752274614
 10
586529.0814293443
 20
3917604.08392421
 10
586533.1796752048
 20
3917607.447864854
 10
586539.9947357367
 20
3917612.701142022
 10
586545.474412786
 20
3917617.078872997
 10
586552.2434256115
 20
3917622.746882575
 10
586555.7282502417
 20
3917625.516702586
 10
586559.7250031985
 20
3917628.635189357
 10
586564.10529126
 20
3917632.105693187
 10
586568.8942527147
 20
3917636.253017269
 10
586573.624760008
 20
3917640.162744466
 10
586579.7487656239
 20
3917645.230807041
 10
586586.7214418166
 20
3917650.904538517
 10
586594.1104163002
 20
3917656.754781783
 10
586598.6136588161
 20
3917660.371190259
 10
586626.9802504322
 20
3917682.854595232
 10
586646.1746821379
 20
3917698.530487044
 10
586669.347606255
 20
3917717.275237442
 10
586687.6348856949
 20
3917732.601906406
 10
586704.4797122544
 20
3917746.169992343
 10
586712.9064425066
 20
3917752.89787363
 10
586719.2610259754
 20
3917758.058988042
 10
586723.7375208519
 20
3917761.839306858
 10
586728.9211769322
 20
3917766.091959805
 10
586734.8613310443
 20
3917771.299155596
 10
586739.2819108487
 20
3917775.031747268
 10
586744.7155401918
 20
3917779.501641001
 10
586748.3993566955
 20
3917782.577573028
 10
586752.5436502622
 20
3917785.711106778
 10
586755.0762741085
 20
3917787.41611779
 10
586759.5889493256
 20
3917790.641814298
 10
586765.3794483924
 20
3917794.812179068
 10
586769.8460759032
 20
3917798.222201092
 10
586775.2336575398
 20
3917801.816548629
 10
586779.8807346387
 20
3917805.034060297
 10
586787.8507290651
 20
3917810.318562995
 10
586794.7118373033
 20
3917814.880619484
 10
586803.3688060871
 20
3917820.594710441
 10
586809.5391987307
 20
3917824.235139357
 10
586823.5146775917
 20
3917832.20721787
 10
586830.3757858299
 20
3917835.893728165
 10
586841.4732830473
 20
3917841.930388772
 10
586848.7948683485
 20
3917845.616899065
 10
586856.3239473155
 20
3917849.439052602
 10
586860.7445271202
 20
3917851.624626562
 10
586864.744099324
 20
3917853.546878359
 10
586868.3226639276
 20
3917855.205807991
 10
586872.8484956322
 20
3917857.233388653
 10
586875.4797931348
 20
3917858.392006175
 10
586882.4292377893
 20
3917861.537765597
 10
586885.3011110634
 20
3917862.726477079
 10
586892.337952385
 20
3917865.67192357
 10
586898.8767266789
 20
3917868.364392695
 10
586912.8949641244
 20
3917873.83984794
 10
586923.3477934537
 20
3917877.71068375
 10
586934.9057677339
 20
3917881.690962834
 10
586942.3173020303
 20
3917884.168369604
 10
586946.9914524536
 20
3917885.6395211
 10
586950.2857016369
 20
3917886.667751732
 10
586956.8244759311
 20
3917888.741413772
 10
586965.4814447147
 20
3917891.091564084
 10
586969.2113089247
 20
3917891.828866144
 10
586973.585841023
 20
3917892.566168203
 10
586979.0396162374
 20
3917893.879487494
 10
586986.7756308953
 20
3917895.860986777
 10
586995.6628382103
 20
3917897.980730197
 10
587004.918427176
 20
3917899.962229482
 10
587011.5953445891
 20
3917901.390752219
 10
587017.3529524369
 20
3917902.587222301
 10
587025.7007437641
 20
3917904.483141882
 10
587031.8711364078
 20
3917905.819501864
 10
587037.4429088696
 20
3917907.01761771
 10
587041.8174409678
 20
3917907.985326662
 10
587046.7905932478
 20
3917909.091279749
 10
587052.0860794719
 20
3917910.058988703
 10
587056.6448023953
 20
3917910.750209382
 10
587059.8220941299
 20
3917911.118860412
 10
587064.3347693468
 20
3917911.487511442
 10
587067.7422996126
 20
3917911.856162472
 10
587070.5051619904
 20
3917912.132650744
 10
587073.0986345917
 20
3917912.318622024
 10
587076.2035656447
 20
3917912.608276403
 10
587079.6768783481
 20
3917912.976927432
 10
587083.2866896098
 20
3917913.343932698
 10
587088.7203189528
 20
3917913.850827864
 10
587097.6075262678
 20
3917914.772455437
 10
587109.4878344925
 20
3917916.016652662
 10
587117.5922308005
 20
3917916.892198856
 10
587126.8160291597
 20
3917917.735373482
 10
587144.5470306701
 20
3917920.463026259
 10
587154.4905323244
 20
3917921.506934209
 10
587161.8186855521
 20
3917922.276272585
 10
587168.8153172368
 20
3917923.024302777
 10
587181.0095599615
 20
3917926.407619536
 10
587184.8255442805
 20
3917927.467549241
 10
587186.2045292679
 20
3917927.790021619
 10
587203.4773250295
 20
3917928.055031987
 10
587204.2319152626
 20
3917927.910791375
 10
587206.2843273146
 20
3917927.779130292
 10
587209.2313805175
 20
3917927.64746921
 10
587211.783739095
 20
3917927.72646586
 10
587218.7024069662
 20
3917928.41274925
 10
587231.3063220037
 20
3917929.755692286
 10
587244.3805814702
 20
3917931.202318424
 10
587254.3268860303
 20
3917932.216108754
 10
587264.5955245343
 20
3917933.322061843
 10
587275.2325446889
 20
3917934.289770796
 10
587281.987856979
 20
3917934.964584105
 10
587284.474867126
 20
3917935.101696129
 10
587287.2852043237
 20
3917935.242415278
 10
587291.936350148
 20
3917935.355402679
 10
587295.6662143582
 20
3917935.401484056
 10
587300.9617005821
 20
3917935.539728192
 10
587308.2372381769
 20
3917935.724053707
 10
587311.4605776176
 20
3917935.724053707
 10
587318.4713409012
 20
3917935.965980945
 10
587322.8919207057
 20
3917936.012062323
 10
587325.7929262026
 20
3917936.058143702
 10
587330.858173895
 20
3917936.518957489
 10
587334.3577995736
 20
3917936.887608519
 10
587338.640236259
 20
3917937.394503684
 10
587349.3751077895
 20
3917938.526377548
 10
587357.8018380418
 20
3917939.355842364
 10
587367.3104773981
 20
3917940.337778171
 10
587368.3497443111
 20
3917940.445058879
 10
587372.7482181433
 20
3917940.874297078
 10
587379.6422176003
 20
3917941.611599137
 10
587385.7994537566
 20
3917942.32256898
 10
587390.7528713052
 20
3917942.862379415
 10
587396.383847961
 20
3917943.49435261
 10
587400.7221997183
 20
3917943.91073078
 10
587407.0636266999
 20
3917944.617938879
 10
587415.0364581329
 20
3917945.40790537
 10
587423.3447799975
 20
3917946.211037971
 10
587428.2389933526
 20
3917946.579688999
 10
587436.363124392
 20
3917946.922007814
 10
587441.4546850595
 20
3917947.007587516
 10
587450.1511233057
 20
3917947.310408005
 10
587454.2806158238
 20
3917947.381175836
 10
587458.4397104389
 20
3917947.572084405
 10
587462.6760994182
 20
3917947.572084405
 10
587466.0655395139
 20
3917947.651081054
 10
587468.1968904911
 20
3917947.572084407
 10
587470.9334398939
 20
3917947.493087756
 10
587473.9857449968
 20
3917947.387758891
 10
587476.8275462998
 20
3917947.256097809
 10
587484.7657969845
 20
3917946.821410516
 10
587495.6418079197
 20
3917945.285975365
 10
587502.6639648257
 20
3917944.249493571
 10
587505.0734815389
 20
3917943.847692161
 10
587507.3589513696
 20
3917943.501611602
 10
587510.2308246442
 20
3917942.990014255
 10
587512.139470684
 20
3917942.655674459
 10
587513.8986810142
 20
3917942.29454692
 10
587515.7631432448
 20
3917941.888278439
 10
587522.7558163581
 20
3917940.503015768
 10
587525.3344879108
 20
3917939.923707008
 10
587528.0184113635
 20
3917939.291733814
 10
587530.2813272156
 20
3917938.73875727
 10
587533.9388307445
 20
3917937.817129697
 10
587536.9648228724
 20
3917937.027163205
 10
587539.8968400896
 20
3917936.298325074
 10
587543.0017711427
 20
3917935.429361934
 10
587545.7909464954
 20
3917934.613063225
 10
587549.2642591989
 20
3917933.586106786
 10
587553.7275975879
 20
3917932.285953602
 10
587556.1747042652
 20
3917931.548651543
 10
587558.6218109429
 20
3917930.758685052
 10
587561.0811343586
 20
3917930.000156001
 10
587564.664685386
 20
3917928.777473655
 10
587567.2959828887
 20
3917927.882178299
 10
587569.3747079158
 20
3917927.092211806
 10
587571.7955016182
 20
3917926.196916448
 10
587573.611096895
 20
3917925.485946607
 10
587576.227358412
 20
3917924.42231315
 10
587578.6744650896
 20
3917923.342692279
 10
587581.8057091176
 20
3917921.999749244
 10
587585.279021821
 20
3917920.367151828
 10
587588.2523879991
 20
3917918.918879925
 10
587591.1205022769
 20
3917917.417943592
 10
587594.1333379175
 20
3917915.831427553
 10
587597.9224063213
 20
3917913.751182458
 10
587603.3494574205
 20
3917910.657147032
 10
587607.3029819185
 20
3917908.399159478
 10
587617.2607984049
 20
3917902.602780344
 10
587623.935540705
 20
3917898.094481233
 10
587630.016013049
 20
3917893.916440462
 10
587636.6929304619
 20
3917889.262221215
 10
587644.7512790639
 20
3917883.13339785
 10
587652.3557288464
 20
3917877.091799952
 10
587655.8142405014
 20
3917874.215005312
 10
587660.1821943558
 20
3917870.370501718
 10
587664.3396444102
 20
3917866.657659207
 10
587672.6282315434
 20
3917859.235265713
 10
587680.962866383
 20
3917851.493594093
 10
587687.5937360896
 20
3917845.238046939
 10
587695.0995122161
 20
3917837.957189107
 10
587699.4308745895
 20
3917833.74197728
 10
587704.903973395
 20
3917828.475534004
 10
587708.3772860984
 20
3917825.052345873
 10
587712.5807838589
 20
3917821.023516765
 10
587719.5586559238
 20
3917814.239679517
 10
587725.386979892
 20
3917808.584836047
 10
587729.9391245717
 20
3917804.266352559
 10
587733.5292011015
 20
3917800.790499995
 10
587736.8446359549
 20
3917797.630634028
 10
587743.3686092008
 20
3917791.314193623
 10
587747.9470668553
 20
3917786.81138462
 10
587751.4795837526
 20
3917783.388196491
 10
587764.4995727082
 20
3917770.595676615
 10
587772.7421121353
 20
3917762.669679481
 10
587783.2611350424
 20
3917752.514495655
 10
587791.155952616
 20
3917744.859123761
 10
587799.076158099
 20
3917737.440021793
 10
587803.401353369
 20
3917733.343716382
 10
587816.5611300041
 20
3917720.241792965
 10
587821.8566162282
 20
3917714.942434415
 10
587829.7422859315
 20
3917707.385088311
 10
587833.702388673
 20
3917703.652496639
 10
587839.3662565475
 20
3917698.318577055
 10
587844.735748014
 20
3917692.968199839
 10
587850.0772819442
 20
3917687.859749859
 10
587857.3067718328
 20
3917680.861963353
 10
587863.246925945
 20
3917675.147872397
 10
587867.6675057494
 20
3917670.816222802
 10
587878.6844194809
 20
3917660.263587084
 10
587884.1180488239
 20
3917654.918147157
 10
587893.580852468
 20
3917645.811314695
 10
587903.5271570279
 20
3917636.180306549
 10
587911.7696964549
 20
3917628.162146659
 10
587920.5072487247
 20
3917619.521888155
 10
587929.8204853585
 20
3917610.458082002
 10
587938.3860929748
 20
3917602.134807961
 10
587944.3854512807
 20
3917596.341720354
 10
587952.6181233422
 20
3917588.379516424
 10
587957.4479873673
 20
3917583.653486054
 10
587963.7156205594
 20
3917577.64255519
 10
587970.8661715229
 20
3917570.789595874
 10
587979.7188430583
 20
3917562.091735648
 10
587984.580400132
 20
3917557.30585532
 10
587988.1852777103
 20
3917553.830002755
 10
587990.6351494803
 20
3917551.403264437
 10
587994.2943280347
 20
3917547.899114934
 10
587998.0470994405
 20
3917544.292257602
 10
588005.294507131
 20
3917537.269609709
 10
588008.7242322449
 20
3917533.970875869
 10
588012.3743534269
 20
3917530.490892914
 10
588023.9411844002
 20
3917519.052374726
 10
588030.4504162185
 20
3917512.898967368
 10
588037.2459040493
 20
3917506.238988506
 10
588044.862394378
 20
3917499.060408853
 10
588050.853846393
 20
3917493.361634685
 10
588056.6973613207
 20
3917487.662860517
 10
588062.8459964903
 20
3917481.649543619
 10
588070.1520412337
 20
3917474.472220377
 10
588070.4109543128
 20
3917474.22415217
 10
588075.783377584
 20
3917469.076759007
 10
588093.8178330694
 20
3917451.87404705
 10
588104.5432718615
 20
3917442.326750067
 10
588115.522977521
 20
3917433.038488275
 10
588118.8581663078
 20
3917430.473246932
 10
588122.3875225211
 20
3917427.893467904
 10
588125.4644818389
 20
3917425.686948764
 10
588128.4594530651
 20
3917423.693208529
 10
588133.1202260797
 20
3917420.651999468
 10
588138.8661248371
 20
3917416.884003213
 10
588143.6448931111
 20
3917414.223697623
 10
588148.31944088
 20
3917411.632024122
 10
588152.546214788
 20
3917409.580888335
 10
588157.5972096082
 20
3917407.233712332
 10
588160.6338824878
 20
3917405.941179601
 10
588165.5369402211
 20
3917403.932335275
 10
588169.4889738252
 20
3917402.452134192
 10
588173.9270864287
 20
3917400.88735019
 10
588179.295089292
 20
3917399.17454608
 10
588185.4556122632
 20
3917397.255571105
 10
588193.7823568622
 20
3917394.971832292
 10
588201.064522561
 20
3917393.127578165
 10
588207.1684407979
 20
3917391.88822212
 10
588218.052642774
 20
3917390.304279879
 10
588223.2350458006
 20
3917389.707867195
 10
588229.2264978154
 20
3917389.37482195
 10
588236.928472396
 20
3917389.088032991
 10
588245.8416818747
 20
3917389.34706818
 10
588254.7548913534
 20
3917389.791128505
 10
588264.9995346132
 20
3917390.753259208
 10
588268.4020876092
 20
3917391.197319533
 10
588277.8816187484
 20
3917392.61276182
 10
588287.6426455133
 20
3917394.478144254
 10
588287.5968449955
 20
3917394.469595847
 10
588299.2008669822
 20
3917396.635420645
 10
588312.2323678644
 20
3917399.400303365
 10
588322.1326247178
 20
3917401.658290921
 10
588338.801894397
 20
3917405.37936225
 10
588357.6354062721
 20
3917409.57276771
 10
588376.7912520918
 20
3917413.812254548
 10
588404.7422098135
 20
3917419.943958
 10
588430.6555565321
 20
3917425.761732058
 10
588464.4603289169
 20
3917433.206754802
 10
588487.7417614221
 20
3917438.347708613
 10
588504.9252342209
 20
3917442.1985577
 10
588521.1572671999
 20
3917445.775505052
 10
588535.3263099164
 20
3917448.81106166
 10
588552.4100089524
 20
3917452.589734712
 10
588578.149616253
 20
3917458.327699929
 10
588582.2316547425
 20
3917459.188012122
 10
588598.0720657086
 20
3917462.690196902
 10
588613.128843387
 20
3917466.013404899
 10
588623.8645371978
 20
3917468.409636591
 10
588638.0340742497
 20
3917471.562919503
 10
588653.9172438002
 20
3917475.05029241
 10
588666.3840328669
 20
3917477.808594539
 10
588684.566991661
 20
3917481.782232844
 10
588696.8505476872
 20
3917484.567633398
 10
588703.3138875599
 20
3917486.070593577
 10
588718.198197229
 20
3917489.457306302
 10
588728.0063586702
 20
3917491.530968341
 10
588741.2680980834
 20
3917494.526257956
 10
588746.8779303842
 20
3917495.708856603
 10
588755.7792339361
 20
3917497.710105049
 10
588755.9720540205
 20
3917497.756790902
 10
588764.8738148704
 20
3917499.830819244
 10
588770.7649845015
 20
3917501.020673642
 10
588776.2047074446
 20
3917502.253871735
 10
588778.7596881643
 20
3917502.939715634
 10
588782.1550084734
 20
3917503.744136023
 10
588785.5326792314
 20
3917504.624081796
 10
588786.3031447714
 20
3917504.836072073
 10
588793.0233252016
 20
3917506.793131733
 10
588795.6512896153
 20
3917507.568038077
 10
588798.724374215
 20
3917508.487252482
 10
588801.7765485784
 20
3917509.479443643
 10
588804.6507070338
 20
3917510.487491944
 10
588808.670170582
 20
3917512.119785355
 10
588812.6588173641
 20
3917513.825900017
 10
588814.1322361001
 20
3917514.478305027
 10
588817.9683709203
 20
3917516.32752622
 10
588821.7688680879
 20
3917518.247889676
 10
588823.6584944133
 20
3917519.23621131
 10
588825.9412771239
 20
3917520.447607781
 10
588828.1857185614
 20
3917521.72911883
 10
588830.3896772903
 20
3917523.079521762
 10
588832.2561521263
 20
3917524.298383611
 10
588837.0316931387
 20
3917527.464134325
 10
588842.8512322974
 20
3917531.508031363
 10
588846.8454173537
 20
3917534.666878067
 10
588848.9122185617
 20
3917536.303801727
 10
588855.0074476865
 20
3917541.253721852
 10
588860.2979695954
 20
3917545.689809439
 10
588870.38249194
 20
3917554.065279821
 10
588876.4991228526
 20
3917559.182195524
 10
588882.3204090954
 20
3917564.217754407
 10
588893.8881190015
 20
3917574.430263505
 10
588896.4070657318
 20
3917576.609682472
 10
588900.3967957223
 20
3917580.148485619
 10
588906.3678944787
 20
3917585.308220697
 10
588911.5899306673
 20
3917590.08686331
 10
588915.4257681044
 20
3917593.770136349
 10
588918.2140690508
 20
3917596.346366207
 10
588920.9492927973
 20
3917598.980343491
 10
588923.6302300864
 20
3917601.670903703
 10
588926.1677111838
 20
3917604.322979771
 10
588928.4441377143
 20
3917606.707316596
 10
588930.6637942456
 20
3917609.145925358
 10
588932.8253795318
 20
3917611.637376455
 10
588934.4707996529
 20
3917613.61708203
 10
588936.8273219065
 20
3917616.521311932
 10
588939.1215846421
 20
3917619.475437157
 10
588941.3525424697
 20
3917622.478111651
 10
588943.5191788447
 20
3917625.527967231
 10
588944.3833480775
 20
3917626.783905457
 10
588945.9055339518
 20
3917628.869379809
 10
588947.3627034854
 20
3917631.00121407
 10
588948.7534655168
 20
3917633.177372972
 10
588950.0764922825
 20
3917635.395778935
 10
588951.1597396346
 20
3917637.336863067
 10
588953.4634698669
 20
3917641.500365517
 10
588955.6972998633
 20
3917645.702235786
 10
588956.8111966249
 20
3917647.863036523
 10
588958.0440981411
 20
3917650.465855554
 10
588959.2049323249
 20
3917653.102240013
 10
588960.2928075793
 20
3917655.770164986
 10
588961.3068883433
 20
3917658.467581328
 10
588961.4011974996
 20
3917658.73044013
 10
588962.9189563343
 20
3917662.916925497
 10
588964.3557323979
 20
3917666.958657973
 10
588965.7340001346
 20
3917671.369790587
 10
588965.7461233428
 20
3917671.408452703
 10
588966.9876108698
 20
3917675.570651613
 10
588968.3610987966
 20
3917680.253288441
 10
588969.0480741371
 20
3917683.195624237
 10
588970.3440399387
 20
3917689.508565972
 10
588971.3615420721
 20
3917695.816472095
 10
588972.8303161848
 20
3917705.993414895
 10
588973.5643975014
 20
3917712.421674054
 10
588974.0152277433
 20
3917720.379987463
 10
588974.3781212491
 20
3917725.032476477
 10
588974.7504775011
 20
3917733.687978287
 10
588974.9673726885
 20
3917738.049576471
 10
588975.2625156915
 20
3917744.632081792
 10
588975.4864396567
 20
3917751.219564293
 10
588975.5615664643
 20
3917752.556544909
 10
588976.2262280366
 20
3917770.940520485
 10
588976.5021968702
 20
3917776.146483172
 10
588976.8153618039
 20
3917784.542052452
 10
588977.2910929697
 20
3917795.722956744
 10
588977.7272444019
 20
3917810.02512948
 10
588978.1436162841
 20
3917819.930397407
 10
588978.2751021417
 20
3917825.979185133
 10
588978.6662725682
 20
3917834.841331923
 10
588979.1592069697
 20
3917842.135601772
 10
588979.4673381152
 20
3917845.336115444
 10
588979.998102449
 20
3917851.125295383
 10
588980.6267035266
 20
3917856.209790699
 10
588981.9056458113
 20
3917865.635758017
 10
588983.2862473154
 20
3917874.269995989
 10
588984.8640776058
 20
3917881.611289695
 10
588986.6719824083
 20
3917888.688289103
 10
588989.3415496786
 20
3917898.248479931
 10
588990.8995998201
 20
3917902.945765726
 10
588992.5271839328
 20
3917907.479376631
 10
588994.7928470577
 20
3917912.336645233
 10
588998.7307759869
 20
3917920.883393134
 10
589000.4771618598
 20
3917924.034899372
 10
589003.4600469336
 20
3917929.057437667
 10
589006.7146860797
 20
3917933.959559413
 10
589011.4511250281
 20
3917940.689977168
 10
589019.9273030301
 20
3917951.626658079
 10
589025.0001381847
 20
3917958.056905284
 10
589029.865070259
 20
3917963.757999647
 10
589033.2061950523
 20
3917967.440466176
 10
589037.6605622209
 20
3917972.327817578
 10
589042.169089015
 20
3917977.143512064
 10
589047.1245200778
 20
3917982.42864675
 10
589051.245892901
 20
3917986.823138369
 10
589055.6614702548
 20
3917991.330452591
 10
589059.8205846416
 20
3917995.243700183
 10
589064.52292382
 20
3917999.489299
 10
589068.2223655997
 20
3918002.772912057
 10
589071.5059786526
 20
3918005.525985011
 10
589074.6831310959
 20
3918008.079278212
 10
589080.2931646716
 20
3918012.440202753
 10
589084.4467809372
 20
3918015.608337733
 10
589089.8197029375
 20
3918019.711113073
 10
589095.1010236085
 20
3918023.502268578
 10
589100.3949453875
 20
3918027.33029205
 10
589102.6008145384
 20
3918028.894510155
 10
589106.4470433586
 20
3918031.642094206
 10
589109.637918867
 20
3918033.972866567
 10
589116.1386495181
 20
3918038.710718987
 10
589121.069343091
 20
3918042.282732556
 10
589125.7808947266
 20
3918045.679432576
 10
589132.4647237919
 20
3918050.434812603
 10
589137.8775296253
 20
3918054.379367466
 10
589143.4875632016
 20
3918058.411579102
 10
589149.119510971
 20
3918062.356133962
 10
589154.5323168041
 20
3918066.322603018
 10
589161.3476310308
 20
3918071.319039178
 10
589167.3521200927
 20
3918075.658049524
 10
589171.5596452748
 20
3918078.61646567
 10
589175.219315615
 20
3918081.487225042
 10
589180.478722092
 20
3918085.541350873
 10
589186.203366901
 20
3918089.719949322
 10
589192.6899682232
 20
3918094.475329348
 10
589197.3357772777
 20
3918097.762458397
 10
589202.4198702056
 20
3918101.685099065
 10
589207.529383598
 20
3918105.540244018
 10
589213.5557868543
 20
3918110.295624044
 10
589219.4507049476
 20
3918115.029089877
 10
589224.8635107805
 20
3918119.565327966
 10
589231.0433133921
 20
3918124.912391219
 10
589236.4342050314
 20
3918129.930741569
 10
589239.8309050476
 20
3918133.195956425
 10
589244.1918295855
 20
3918137.600709353
 10
589248.1144702495
 20
3918141.501435829
 10
589252.3877380118
 20
3918146.015759727
 10
589255.8282664162
 20
3918149.719258459
 10
589263.6073739771
 20
3918158.166753252
 10
589269.4138973546
 20
3918164.564667453
 10
589277.0175385461
 20
3918173.370590265
 10
589279.8170767856
 20
3918176.781753652
 10
589284.63819939
 20
3918182.720500139
 10
589287.7061865021
 20
3918186.511655644
 10
589292.1766820078
 20
3918191.990204064
 10
589302.2027541443
 20
3918204.152771776
 10
589310.3417284404
 20
3918214.142362513
 10
589316.8883454045
 20
3918222.120985952
 10
589321.8694163253
 20
3918228.346129796
 10
589325.3385637764
 20
3918232.503216308
 10
589327.8285163825
 20
3918235.226061368
 10
589329.0973558573
 20
3918236.568635347
 10
589334.6141035173
 20
3918242.108323148
 10
589338.9785148269
 20
3918246.545034312
 10
589343.5434279382
 20
3918251.160006192
 10
589347.721325944
 20
3918255.242526131
 10
589352.2267879397
 20
3918259.455537573
 10
589355.3788627744
 20
3918262.419558897
 10
589357.8062001999
 20
3918264.592641916
 10
589360.225544198
 20
3918266.755072569
 10
589362.3757761436
 20
3918268.608584555
 10
589366.480234536
 20
3918271.995205282
 10
589369.1417517165
 20
3918274.149478537
 10
589370.8566900647
 20
3918275.480549496
 10
589373.691305145
 20
3918277.626146736
 10
589377.5894331951
 20
3918280.459676557
 10
589380.9280213337
 20
3918282.73395707
 10
589389.2500118087
 20
3918288.086438974
 10
589394.0434037173
 20
3918290.95725208
 10
589400.4523005904
 20
3918294.660572696
 10
589406.0723461057
 20
3918297.669200811
 10
589410.6978760406
 20
3918299.999406254
 10
589414.9340594539
 20
3918301.921825745
 10
589418.9827303848
 20
3918303.606231394
 10
589424.7926197991
 20
3918305.870525313
 10
589429.4887583417
 20
3918307.610855894
 10
589434.1515909374
 20
3918309.288603813
 10
589440.747167644
 20
3918311.458025084
 10
589445.8016781776
 20
3918313.023923142
 10
589451.5059877393
 20
3918314.597810476
 10
589457.9268747532
 20
3918316.151724622
 10
589463.0000366172
 20
3918317.251581592
 10
589468.2690374503
 20
3918318.40270308
 10
589473.2780853664
 20
3918319.275365019
 10
589478.5564118643
 20
3918320.002389116
 10
589483.4237429756
 20
3918320.681061452
 10
589488.3523570292
 20
3918321.319537745
 10
589493.7300530944
 20
3918321.845879096
 10
589499.1681536669
 20
3918322.340417977
 10
589505.2834352432
 20
3918322.816028969
 10
589516.713339189
 20
3918323.632339789
 10
589518.6231386521
 20
3918323.799236608
 10
589524.6325859178
 20
3918324.367642007
 10
589529.2312186059
 20
3918324.89003842
 10
589532.8609617926
 20
3918325.112699187
 10
589537.0043478831
 20
3918325.369615457
 10
589541.331951772
 20
3918325.540290823
 10
589543.3473886896
 20
3918325.674254308
 10
589545.6759031868
 20
3918325.781914459
 10
589547.6717727562
 20
3918325.878039594
 10
589553.0479018158
 20
3918326.108040824
 10
589557.7282052542
 20
3918326.350811407
 10
589559.8135255603
 20
3918326.447286087
 10
589562.7154332581
 20
3918326.498669342
 10
589563.3831690331
 20
3918326.498669342
 10
589563.6500962385
 20
3918320.559359138
 10
589563.6762131256
 20
3918319.347231557
 10
589578.6252544272
 20
3918318.792642661
 10
589610.7099140905
 20
3918317.942117674
 10
589640.6533716404
 20
3918317.500130444
 10
589679.0531243007
 20
3918315.980667243
 10
589694.9548405871
 20
3918314.885761962
 10
589709.8059624038
 20
3918314.168058684
 10
589730.4404537744
 20
3918313.221995274
 10
589736.785038945
 20
3918313.021597608
 10
589745.1781376171
 20
3918312.611481452
 10
589754.2660935741
 20
3918311.7928098
 10
589758.6075990703
 20
3918311.365664654
 10
589767.4083635722
 20
3918310.446358818
 10
589773.8592209131
 20
3918309.599690914
 10
589780.8534698064
 20
3918308.425267369
 10
589791.0615760665
 20
3918306.277983052
 10
589798.3728975765
 20
3918304.518677944
 10
589804.4345799508
 20
3918302.635871945
 10
589810.5708676464
 20
3918300.694810812
 10
589815.3399920585
 20
3918299.02567303
 10
589818.3827147838
 20
3918297.870773228
 10
589824.0181112139
 20
3918295.531611764
 10
589829.082313051
 20
3918293.395442258
 10
589834.6812092903
 20
3918290.927754694
 10
589838.9430382829
 20
3918288.948245169
 10
589843.3261009226
 20
3918286.636681368
 10
589848.6417300818
 20
3918283.672660044
 10
589851.5125361928
 20
3918282.020877272
 10
589855.3547102515
 20
3918279.634746897
 10
589861.1179713397
 20
3918275.887776543
 10
589868.7690967753
 20
3918270.422279679
 10
589876.3228855802
 20
3918264.512878673
 10
589885.2895126617
 20
3918256.975829166
 10
589891.8431238751
 20
3918251.132839017
 10
589896.0956272021
 20
3918247.143527296
 10
589899.8258932786
 20
3918243.750748172
 10
589903.7391755347
 20
3918239.916103835
 10
589911.2439523172
 20
3918232.356547136
 10
589913.5637638138
 20
3918229.896220428
 10
589918.875396259
 20
3918224.356989203
 10
589922.0028246929
 20
3918221.066739117
 10
589926.6618001458
 20
3918216.34424064
 10
589939.263465254
 20
3918203.481843734
 10
589951.2329565268
 20
3918190.827663072
 10
589957.4953072324
 20
3918184.093535782
 10
589960.3223160234
 20
3918180.937771838
 10
589960.7984323437
 20
3918180.541733144
 10
589961.0329062113
 20
3918180.392599995
 10
589961.3206695947
 20
3918180.349990525
 10
589961.6404066868
 20
3918180.381947628
 10
589961.78961733
 20
3918180.509776042
 10
589961.8748805546
 20
3918180.722823395
 10
589961.8429068453
 20
3918180.989132588
 10
589961.704354105
 20
3918181.22348468
 10
589956.085807357
 20
3918187.976586498
 10
589950.6457388532
 20
3918194.883315432
 10
589942.7783745561
 20
3918204.913684767
 10
589935.9391648463
 20
3918213.533114702
 10
589932.2275501003
 20
3918218.081675728
 10
589926.0073314179
 20
3918225.875047833
 10
589916.0358639122
 20
3918238.426699458
 10
589911.4849392987
 20
3918244.727574978
 10
589909.760990946
 20
3918247.464623362
 10
589907.7017845462
 20
3918251.525922769
 10
589906.201949968
 20
3918255.005112531
 10
589904.828412709
 20
3918259.140894307
 10
589903.8478856259
 20
3918263.060965637
 10
589903.2910101901
 20
3918265.798624148
 10
589903.0352205164
 20
3918268.024969005
 10
589902.8804787789
 20
3918270.278619415
 10
589902.8539438097
 20
3918272.409438547
 10
589902.9153191071
 20
3918274.951671132
 10
589903.1604508778
 20
3918278.01955304
 10
589903.4495464987
 20
3918280.473425817
 10
589904.1614620039
 20
3918284.237723776
 10
589905.0964143847
 20
3918287.746902903
 10
589905.9137006104
 20
3918290.527540894
 10
589908.2732913766
 20
3918297.309890098
 10
589911.8554679604
 20
3918307.100683422
 10
589915.371696541
 20
3918316.805116089
 10
589915.9391496538
 20
3918318.62555137
 10
589916.9321269488
 20
3918322.47122826
 10
589917.1278660883
 20
3918323.749195832
 10
589917.4702946908
 20
3918326.29389031
 10
589917.665968178
 20
3918328.280709462
 10
589917.7900881465
 20
3918331.866616609
 10
589923.8052238376
 20
3918328.381029147
 10
589923.2327915336
 20
3918324.001218456
 10
589922.7051719521
 20
3918321.368438398
 10
589922.1083678162
 20
3918319.225022664
 10
589920.8924993915
 20
3918315.119732419
 10
589919.3001912128
 20
3918310.073210735
 10
589918.4507586284
 20
3918307.757818397
 10
589913.6802783204
 20
3918294.943966521
 10
589912.1365542736
 20
3918290.71166422
 10
589911.0795681939
 20
3918287.292419009
 10
589910.2402583266
 20
3918284.253831112
 10
589909.6620670847
 20
3918281.532151152
 10
589909.2890404771
 20
3918279.407003788
 10
589908.9628001952
 20
3918276.443897842
 10
589908.8681581208
 20
3918274.392762237
 10
589908.8600598783
 20
3918272.74727663
 10
589909.1025271733
 20
3918268.552906832
 10
589909.9045343797
 20
3918264.022987448
 10
589910.9117062205
 20
3918259.940467511
 10
589912.3720625575
 20
3918255.628053703
 10
589914.0684438879
 20
3918252.090005371
 10
589915.6351556401
 20
3918249.536100204
 10
589919.0296977693
 20
3918244.596064663
 10
589929.4103288357
 20
3918231.066891857
 10
589939.63827655
 20
3918218.575692829
 10
589943.9644292435
 20
3918213.138398598
 10
589957.9948188224
 20
3918195.770892103
 10
589963.2685796486
 20
3918188.887687415
 10
589972.2210989644
 20
3918176.498458065
 10
589976.1879653155
 20
3918170.91298629
 10
589982.6431223647
 20
3918162.054524605
 10
589986.4222172853
 20
3918156.978535457
 10
589988.7310476554
 20
3918154.076531599
 10
589991.4002318811
 20
3918151.143300176
 10
590001.8113772611
 20
3918140.374773732
 10
590013.8369496826
 20
3918127.846571922
 10
590021.4222126077
 20
3918119.795712113
 10
590026.9989603921
 20
3918113.960877681
 10
590034.2997905283
 20
3918106.112745746
 10
590041.5365067168
 20
3918098.255292989
 10
590047.9292502053
 20
3918091.586245009
 10
590055.3105142043
 20
3918083.608786674
 10
590061.4754450145
 20
3918076.906450044
 10
590071.2417114581
 20
3918066.991644337
 10
590079.9355628326
 20
3918057.532175339
 10
590109.2612827344
 20
3918027.084545908
 10
590128.7868942288
 20
3918006.809428342
 10
590137.8840806228
 20
3917997.515403929
 10
590147.7319830648
 20
3917987.43959559
 10
590164.5787972327
 20
3917969.787124252
 10
590175.6390361494
 20
3917958.453004972
 10
590188.224021325
 20
3917945.449293495
 10
590210.215979835
 20
3917922.698332644
 10
590233.004991292
 20
3917898.973345917
 10
590233.5707242135
 20
3917898.387600632
 10
590234.9287215921
 20
3917897.381760104
 10
590235.4095193032
 20
3917896.990268644
 10
590235.5604674218
 20
3917896.923155823
 10
590235.7170062115
 20
3917896.923155823
 10
590235.8959076855
 20
3917896.939934029
 10
590236.064326651
 20
3917896.979432721
 10
590242.0000219827
 20
3917890.45855325
 10
590241.9637325375
 20
3917890.379505934
 10
590241.9317858458
 20
3917890.162188225
 10
590241.9381751842
 20
3917890.037550128
 10
590242.0116525752
 20
3917889.845799209
 10
590242.1266606658
 20
3917889.631277869
 10
590242.6964948951
 20
3917888.939012891
 10
590250.6712982886
 20
3917880.68210701
 10
590270.0847861187
 20
3917860.630233688
 10
590284.5056858836
 20
3917845.758735472
 10
590304.7307222672
 20
3917824.762419321
 10
590337.4879271435
 20
3917790.893899584
 10
590349.0681402838
 20
3917778.894072815
 10
590359.8407407153
 20
3917767.665395335
 10
590364.5408759714
 20
3917762.744001438
 10
590369.2037085672
 20
3917757.934457402
 10
590382.1506461228
 20
3917744.758019444
 10
590387.5035779426
 20
3917739.631567467
 10
590395.1098236142
 20
3917732.424242032
 10
590399.7167022185
 20
3917728.304438807
 10
590404.4920256509
 20
3917724.317748569
 10
590410.0314707743
 20
3917719.69462097
 10
590415.8856570981
 20
3917715.192664053
 10
590422.8705803264
 20
3917710.527592754
 10
590429.3659061321
 20
3917706.384487477
 10
590433.9110022045
 20
3917703.622902751
 10
590440.4762704992
 20
3917699.838649109
 10
590448.1711099901
 20
3917696.098378098
 10
590455.1560332183
 20
3917693.292810745
 10
590462.7682531439
 20
3917690.270097372
 10
590473.9963540342
 20
3917686.355352227
 10
590480.4529200437
 20
3917684.699741258
 10
590489.9511100412
 20
3917682.220402667
 10
590503.0294811904
 20
3917679.639117587
 10
590513.4823861615
 20
3917678.097686687
 10
590520.6305085307
 20
3917677.486007757
 10
590525.5609232228
 20
3917677.13795744
 10
590530.9722026135
 20
3917676.840179649
 10
590533.9228164271
 20
3917676.766742471
 10
590544.9619288055
 20
3917676.575805812
 10
590557.5267040904
 20
3917676.854789427
 10
590569.0806277922
 20
3917677.16330323
 10
590582.3216907778
 20
3917677.647988599
 10
590592.8616943518
 20
3917678.059236794
 10
590606.8367408733
 20
3917678.485172422
 10
590614.4848493166
 20
3917678.749546261
 10
590627.094686461
 20
3917679.29298137
 10
590635.5795361349
 20
3917679.58673008
 10
590648.6884820843
 20
3917680.071415449
 10
590659.5073994021
 20
3917680.497351076
 10
590669.31341944
 20
3917680.952661577
 10
590680.0589384044
 20
3917681.261097722
 10
590690.2466298812
 20
3917681.642971044
 10
590700.7572741137
 20
3917682.054219237
 10
590710.5486144814
 20
3917682.46546743
 10
590720.7216262879
 20
3917682.744528704
 10
590729.4266710221
 20
3917683.023589977
 10
590738.3665904885
 20
3917683.346713557
 10
590750.1984050856
 20
3917683.684524572
 10
590761.7806652805
 20
3917684.139835072
 10
590772.7463793051
 20
3917684.492333522
 10
590785.1066620479
 20
3917685.021081198
 10
590798.6853574603
 20
3917685.520454005
 10
590804.3957493688
 20
3917685.784827842
 10
590812.8218803597
 20
3917685.990451938
 10
590822.7159784225
 20
3917686.387012695
 10
590829.453947281
 20
3917686.651386534
 10
590835.1496595186
 20
3917686.754198582
 10
590844.8382421914
 20
3917687.121384468
 10
590855.4810034604
 20
3917687.473882921
 10
590859.694068956
 20
3917687.679507018
 10
590866.3733191318
 20
3917688.002630597
 10
590872.7736555637
 20
3917688.193567258
 10
590880.7447167625
 20
3917688.428566227
 10
590888.7010982907
 20
3917688.781064677
 10
590897.5822990738
 20
3917689.104188259
 10
590906.3020234793
 20
3917689.427311838
 10
590914.7575138114
 20
3917689.676998242
 10
590924.079104716
 20
3917690.058871563
 10
590936.4981061416
 20
3917690.499494629
 10
590945.0857135104
 20
3917690.998867433
 10
590954.3192263911
 20
3917691.424803062
 10
590961.6737414197
 20
3917691.645114594
 10
590969.9530757036
 20
3917691.953550739
 10
590979.6710177177
 20
3917691.924175867
 10
590994.0717746898
 20
3917692.364798932
 10
591003.877794728
 20
3917692.643860207
 10
591010.8946773303
 20
3917692.893546608
 10
591015.2838988743
 20
3917693.216670187
 10
591023.43929459
 20
3917693.55221498
 10
591023.9564571451
 20
3917693.618818621
 10
591024.1231290259
 20
3917693.691524176
 10
591024.4641599607
 20
3917694.127757515
 10
591034.4404032144
 20
3917694.661086845
 10
591034.7300584657
 20
3917694.177480084
 10
591034.7720003819
 20
3917694.135515984
 10
591034.8894377476
 20
3917694.068373421
 10
591035.0970212162
 20
3917694.071113128
 10
591042.012114658
 20
3917694.338948907
 10
591047.4424883997
 20
3917694.464082167
 10
591057.8519451262
 20
3917694.742545359
 10
591069.7052910929
 20
3917695.06467033
 10
591075.3369337832
 20
3917695.114829233
 10
591078.3071821946
 20
3917695.178370279
 10
591086.6110831639
 20
3917695.296000869
 10
591092.4984017201
 20
3917695.274967476
 10
591094.8155389109
 20
3917695.21689244
 10
591098.3950367161
 20
3917695.113763116
 10
591102.7989379308
 20
3917695.010951068
 10
591110.5498040686
 20
3917694.702514922
 10
591115.5744880717
 20
3917694.400800904
 10
591122.7926494458
 20
3917693.880018538
 10
591129.912289743
 20
3917693.130959331
 10
591133.6702854466
 20
3917692.631586525
 10
591138.5732954657
 20
3917691.838465012
 10
591145.8544121408
 20
3917690.67815761
 10
591150.7635228165
 20
3917689.777945852
 10
591158.7284833586
 20
3917688.181293581
 10
591163.7489307436
 20
3917687.065048483
 10
591171.852108979
 20
3917685.243806486
 10
591179.2066240075
 20
3917683.275690137
 10
591184.5642217104
 20
3917681.752462642
 10
591185.86666657
 20
3917681.361137839
 10
591192.2074837639
 20
3917679.421895156
 10
591196.4762029255
 20
3917678.09611844
 10
591201.0206146915
 20
3917676.519469825
 10
591206.9658813313
 20
3917674.198855024
 10
591214.202958994
 20
3917671.099806142
 10
591222.6878086679
 20
3917667.207635744
 10
591230.5561121717
 20
3917663.388902525
 10
591236.7215738726
 20
3917660.436727997
 10
591240.8172020023
 20
3917657.96923884
 10
591252.8435222363
 20
3917651.064308247
 10
591265.717593454
 20
3917642.927469004
 10
591275.6410508579
 20
3917636.27406074
 10
591285.549828591
 20
3917629.664714785
 10
591295.2824502755
 20
3917622.923181909
 10
591297.9990660502
 20
3917620.934144932
 10
591307.9363264325
 20
3917614.125408069
 10
591318.96075914
 20
3917606.414504454
 10
591333.1119617103
 20
3917596.706109617
 10
591342.3601542614
 20
3917590.287700321
 10
591350.1990984237
 20
3917584.794599459
 10
591359.4032519626
 20
3917578.405565033
 10
591367.7559845998
 20
3917572.677465205
 10
591373.481056179
 20
3917568.829357117
 10
591378.4134255396
 20
3917566.068119251
 10
591386.1348003779
 20
3917561.571854538
 10
591394.6385764341
 20
3917556.296375537
 10
591396.0859047809
 20
3917555.463621449
 10
591401.6234706496
 20
3917553.052436764
 10
591407.3755504979
 20
3917550.940349087
 10
591409.9686329511
 20
3917550.140561031
 10
591414.8947129891
 20
3917549.005235804
 10
591419.06510367
 20
3917548.046635941
 10
591424.9479817094
 20
3917547.121327507
 10
591428.0050231361
 20
3917546.787188351
 10
591434.2989319557
 20
3917546.427346181
 10
591437.6899358909
 20
3917546.375940156
 10
591442.2767715926
 20
3917546.384842781
 10
591447.2665923709
 20
3917546.665247138
 10
591453.7201363128
 20
3917547.404060639
 10
591460.6049018786
 20
3917548.303666062
 10
591467.2070837831
 20
3917549.640222688
 10
591472.0623848726
 20
3917550.848264255
 10
591474.836842638
 20
3917551.619354615
 10
591479.4095600661
 20
3917552.853099195
 10
591487.7586227858
 20
3917555.423400399
 10
591495.4471003234
 20
3917557.868858403
 10
591505.5613934468
 20
3917561.114781642
 10
591510.1214688441
 20
3917562.526160726
 10
591516.1747953742
 20
3917564.478204361
 10
591523.8533404487
 20
3917566.873149251
 10
591527.9918206103
 20
3917568.177755521
 10
591532.9298713337
 20
3917569.79215186
 10
591538.5128642903
 20
3917571.558372273
 10
591550.8628572761
 20
3917575.435031216
 10
591559.6853393767
 20
3917578.005332421
 10
591567.979353331
 20
3917580.193760303
 10
591573.2640347885
 20
3917581.412817446
 10
591578.1817244785
 20
3917582.426250494
 10
591582.4535086568
 20
3917583.175309705
 10
591588.6042906866
 20
3917584.056555832
 10
591593.0669105841
 20
3917584.511866333
 10
591597.8084442256
 20
3917584.820302475
 10
591600.8911750758
 20
3917584.96717683
 10
591604.5023740721
 20
3917584.93780196
 10
591607.7025422879
 20
3917584.776240171
 10
591612.1798418561
 20
3917584.364991977
 10
591617.9195931062
 20
3917583.777494558
 10
591621.1197613223
 20
3917583.248746881
 10
591625.3034674763
 20
3917582.367500752
 10
591629.6046109961
 20
3917581.310005399
 10
591635.7886184198
 20
3917579.508526723
 10
591649.8573036429
 20
3917574.22342119
  0
ENDSEC
  0
SECTION
  2
OBJECTS
  0
DICTIONARY
  5
C
330
0
100
AcDbDictionary
281
     1
  3
ACAD_CIP_PREVIOUS_PRODUCT_INFO
350
1A5
  3
ACAD_COLOR
350
73
  3
ACAD_DETAILVIEWSTYLE
350
1AB
  3
ACAD_GROUP
350
D
  3
ACAD_LAST_SAVED_VERSION_INFO
350
9EC
  3
ACAD_LAYOUT
350
1A
  3
ACAD_MATERIAL
350
72
  3
ACAD_MLEADERSTYLE
350
D7
  3
ACAD_MLINESTYLE
350
17
  3
ACAD_PLOTSETTINGS
350
19
  3
ACAD_PLOTSTYLENAME
350
E
  3
ACAD_SCALELIST
350
B6
  3
ACAD_SECTIONVIEWSTYLE
350
1A8
  3
ACAD_TABLESTYLE
350
86
  3
ACAD_VISUALSTYLE
350
99
  3
ACDB_RECOMPOSE_DATA
350
A55
  3
AcDbVariableDictionary
350
2BC
  3
AEC_PROPERTY_SET_DEFS
350
660
  3
AEC_VARS
350
65A
  3
AECC_DATA_SOURCE
350
265
  3
AECC_LASTSAVED_APPVERSION
350
A53
  3
{24DE2741-47F6-4298-B91B-737E814BAE3E}
350
266
  0
DICTIONARY
  5
18E
330
2
100
AcDbDictionary
280
     1
281
     1
  3
ACAD_LAYERSTATES
360
18F
  0
DICTIONARY
  5
E6
330
10
100
AcDbDictionary
280
     1
281
     1
  0
DICTIONARY
  5
15D
330
1F
100
AcDbDictionary
280
     1
281
     1
  0
XRECORD
  5
1A5
102
{ACAD_REACTORS
330
C
102
}
330
C
100
AcDbXrecord
280
     1
300
ACD
300
2027
300

  0
DICTIONARY
  5
73
102
{ACAD_REACTORS
330
C
102
}
330
C
100
AcDbDictionary
281
     1
  0
DICTIONARY
  5
1AB
102
{ACAD_REACTORS
330
C
102
}
330
C
100
AcDbDictionary
281
     1
  3
Imperial24
350
1AC
  0
DICTIONARY
  5
D
102
{ACAD_REACTORS
330
C
102
}
330
C
100
AcDbDictionary
281
     1
  0
XRECORD
  5
9EC
102
{ACAD_REACTORS
330
C
102
}
330
C
100
AcDbXrecord
280
     1
300
{59EBDED7-0138-7849-98DB-A6D37F1A8F64}
301
{D5ED8E9A-5157-7742-8E76-7B85843FA325}
302
{59EBDED7-0138-7849-98DB-A6D37F1A8F64}
303
C:\Users\ioanidis\hydro projects\workflow\highway.dxf
  0
DICTIONARY
  5
1A
102
{ACAD_REACTORS
330
C
102
}
330
C
100
AcDbDictionary
281
     1
  3
Layout1
350
59
  3
Layout2
350
5E
  3
Model
350
22
  0
DICTIONARY
  5
72
102
{ACAD_REACTORS
330
C
102
}
330
C
100
AcDbDictionary
281
     1
  3
ByBlock
350
97
  3
ByLayer
350
96
  3
Global
350
98
  0
DICTIONARY
  5
D7
102
{ACAD_REACTORS
330
C
102
}
330
C
100
AcDbDictionary
281
     1
  3
Annotative
350
E5
  3
Standard
350
D8
  0
DICTIONARY
  5
17
102
{ACAD_REACTORS
330
C
102
}
330
C
100
AcDbDictionary
281
     1
  3
Standard
350
18
  0
DICTIONARY
  5
19
102
{ACAD_REACTORS
330
C
102
}
330
C
100
AcDbDictionary
281
     1
  0
ACDBDICTIONARYWDFLT
  5
E
102
{ACAD_REACTORS
330
C
102
}
330
C
100
AcDbDictionary
281
     1
  3
Normal
350
F
100
AcDbDictionaryWithDefault
340
F
  0
DICTIONARY
  5
B6
102
{ACAD_REACTORS
330
C
102
}
330
C
100
AcDbDictionary
281
     1
  3
A0
350
B7
  3
A1
350
124
  3
A2
350
125
  3
A3
350
126
  3
A4
350
127
  3
A5
350
128
  3
A6
350
129
  3
A7
350
12A
  3
A8
350
12B
  3
A9
350
12C
  3
B0
350
12D
  3
B1
350
12E
  3
B2
350
12F
  3
B3
350
130
  3
B4
350
131
  3
B5
350
132
  3
B6
350
133
  3
B7
350
134
  3
B8
350
135
  3
B9
350
136
  3
C0
350
137
  3
C1
350
138
  3
C2
350
139
  3
C3
350
13A
  3
C4
350
13B
  3
C5
350
13C
  3
C6
350
13D
  3
C7
350
13E
  3
C8
350
13F
  3
C9
350
140
  3
D0
350
141
  3
D1
350
142
  3
D2
350
143
  0
DICTIONARY
  5
1A8
102
{ACAD_REACTORS
330
C
102
}
330
C
100
AcDbDictionary
281
     1
  3
Imperial24
350
1AA
  0
DICTIONARY
  5
86
102
{ACAD_REACTORS
330
C
102
}
330
C
100
AcDbDictionary
281
     1
  3
Standard
350
87
  0
DICTIONARY
  5
99
102
{ACAD_REACTORS
330
C
102
}
330
C
100
AcDbDictionary
281
     1
  3
2dWireframe
350
9F
  3
Basic
350
9E
  3
Brighten
350
A5
  3
ColorChange
350
A9
  3
Conceptual
350
A2
  3
Dim
350
A4
  3
EdgeColorOff
350
175
  3
Facepattern
350
A8
  3
Flat
350
9A
  3
FlatWithEdges
350
9B
  3
Gouraud
350
9C
  3
GouraudWithEdges
350
9D
  3
Hidden
350
A1
  3
JitterOff
350
173
  3
Linepattern
350
A7
  3
OverhangOff
350
174
  3
Realistic
350
A3
  3
Shaded
350
182
  3
Shaded with edges
350
181
  3
Shades of Gray
350
17E
  3
Sketchy
350
17F
  3
Thicken
350
A6
  3
Wireframe
350
A0
  3
X-Ray
350
180
  0
XRECORD
  5
A55
102
{ACAD_REACTORS
330
C
102
}
330
C
100
AcDbXrecord
280
     1
 90
        1
330
87
  0
DICTIONARY
  5
2BC
102
{ACAD_REACTORS
330
C
102
}
330
C
100
AcDbDictionary
281
     2
  3
#COMPAREDIFFTOTAL
350
2BD
  3
#REVCLOUDAPPROXARCLEN
350
2BE
  3
AECCFASTCORRIDORSURFACEBUILD
350
2BF
  3
ANNOALLVISIBLE
350
2C0
  3
CANNOSCALE
350
2C1
  3
CMLEADERSTYLE
350
2C2
  3
CTABLESTYLE
350
2C3
  3
CVIEWDETAILSTYLE
350
2C4
  3
CVIEWSECTIONSTYLE
350
2C5
  3
DGNFRAME
350
2C6
  3
DIMADEC
350
2C7
  3
GEOMARKERVISIBILITY
350
2C8
  3
HPCOLOR
350
2C9
  3
HPINHERIT
350
2CA
  3
HPLAYER
350
2CB
  3
HPTRANSPARENCY
350
2CC
  3
LAYEREVAL
350
2CD
  3
LAYERNOTIFY
350
2CE
  3
LIGHTINGUNITS
350
2CF
  3
MLEADERSCALE
350
2D0
  3
MSLTSCALE
350
2D1
  3
PDFFRAME
350
2D2
  3
SOLIDHIST
350
2D3
  0
DICTIONARY
  5
660
102
{ACAD_REACTORS
330
C
102
}
330
C
100
AcDbDictionary
281
     1
  0
DICTIONARY
  5
65A
102
{ACAD_REACTORS
330
C
102
}
330
C
100
AcDbDictionary
281
     1
  0
DICTIONARY
  5
265
102
{ACAD_REACTORS
330
C
102
}
330
C
100
AcDbDictionary
281
     1
  0
XRECORD
  5
A53
102
{ACAD_REACTORS
330
C
102
}
330
C
100
AcDbXrecord
280
     1
 70
    13
 70
     9
 70
   628
 70
     0
  0
DICTIONARY
  5
266
102
{ACAD_REACTORS
330
C
102
}
330
C
100
AcDbDictionary
281
     1
  3
09_15_2026-12_57_21
350
2B7
  3
09_17_2026-15_02_14
350
A4C
  0
DICTIONARY
  5
18F
102
{ACAD_REACTORS
330
18E
102
}
330
18E
100
AcDbDictionary
281
     1
  0
ACDBDETAILVIEWSTYLE
  5
1AC
102
{ACAD_REACTORS
330
1AB
102
}
330
1AB
100
AcDbModelDocViewStyle
 70
     0
  3
Imperial24
290
     0
300
Imperial24
 90
        0
100
AcDbDetailViewStyle
 70
     0
 71
     0
 90
        3
 71
     1
340
11
 62
   256
 40
0.24
340
0
 62
   256
 40
0.24
300

 40
0.36
280
     3
 71
     2
340
16
 90
       25
 62
   256
 71
     3
340
11
 62
   256
 40
0.24
 90
        1
 40
0.75
 90
        1
300
%<\AcVar ViewType \f "%tc1">% %<\AcVar ViewDetailId>%\PSCALE %<\AcVar ViewScale \f "%sn">%
 71
     4
340
16
 90
       25
 62
   256
340
16
 90
       25
 62
   256
280
     0
  0
LAYOUT
  5
59
102
{ACAD_REACTORS
330
1A
102
}
330
1A
100
AcDbPlotSettings
  1

  2
None
  4

  6

 40
0.0
 41
0.0
 42
0.0
 43
0.0
 44
0.0
 45
0.0
 46
0.0
 47
0.0
 48
0.0
 49
0.0
140
0.0
141
0.0
142
1.0
143
1.0
 70
   688
 72
     0
 73
     0
 74
     5
  7

 75
    16
147
1.0
 76
     0
 77
     2
 78
   300
148
0.0
149
0.0
100
AcDbLayout
  1
Layout1
 70
     1
 71
     1
 10
0.0
 20
0.0
 11
12.0
 21
9.0
 12
0.0
 22
0.0
 32
0.0
 14
0.0
 24
0.0
 34
0.0
 15
0.0
 25
0.0
 35
0.0
146
0.0
 13
0.0
 23
0.0
 33
0.0
 16
1.0
 26
0.0
 36
0.0
 17
0.0
 27
1.0
 37
0.0
 76
     0
330
58
  0
LAYOUT
  5
5E
102
{ACAD_REACTORS
330
1A
102
}
330
1A
100
AcDbPlotSettings
  1

  2
None
  4

  6

 40
0.0
 41
0.0
 42
0.0
 43
0.0
 44
0.0
 45
0.0
 46
0.0
 47
0.0
 48
0.0
 49
0.0
140
0.0
141
0.0
142
1.0
143
1.0
 70
   688
 72
     0
 73
     0
 74
     5
  7

 75
    16
147
1.0
 76
     0
 77
     2
 78
   300
148
0.0
149
0.0
100
AcDbLayout
  1
Layout2
 70
     1
 71
     2
 10
0.0
 20
0.0
 11
12.0
 21
9.0
 12
0.0
 22
0.0
 32
0.0
 14
0.0
 24
0.0
 34
0.0
 15
0.0
 25
0.0
 35
0.0
146
0.0
 13
0.0
 23
0.0
 33
0.0
 16
1.0
 26
0.0
 36
0.0
 17
0.0
 27
1.0
 37
0.0
 76
     0
330
5D
  0
LAYOUT
  5
22
102
{ACAD_XDICTIONARY
360
194
102
}
102
{ACAD_REACTORS
330
1A
102
}
330
1A
100
AcDbPlotSettings
  1

  2
none_device
  4
ANSI_A_(8.50_x_11.00_Inches)
  6

 40
6.349999904632567
 41
19.04999923706055
 42
6.350006103515625
 43
19.04998779296875
 44
215.8999938964844
 45
279.3999938964844
 46
0.0
 47
0.0
 48
0.0
 49
0.0
140
0.0
141
0.0
142
1.0
143
2.584895464708373
 70
 11952
 72
     0
 73
     1
 74
     0
  7

 75
     0
147
0.3868628397755418
 76
     0
 77
     2
 78
   300
148
0.0
149
0.0
100
AcDbLayout
  1
Model
 70
     1
 71
     0
 10
0.0
 20
0.0
 11
12.0
 21
9.0
 12
0.0
 22
0.0
 32
0.0
 14
0.0
 24
0.0
 34
0.0
 15
0.0
 25
0.0
 35
0.0
146
0.0
 13
0.0
 23
0.0
 33
0.0
 16
1.0
 26
0.0
 36
0.0
 17
0.0
 27
1.0
 37
0.0
 76
     0
330
1F
331
94
  0
MATERIAL
  5
97
102
{ACAD_XDICTIONARY
360
188
102
}
102
{ACAD_REACTORS
330
72
102
}
330
72
100
AcDbMaterial
  1
ByBlock
 94
       63
  0
MATERIAL
  5
96
102
{ACAD_XDICTIONARY
360
186
102
}
102
{ACAD_REACTORS
330
72
102
}
330
72
100
AcDbMaterial
  1
ByLayer
 94
       63
  0
MATERIAL
  5
98
102
{ACAD_XDICTIONARY
360
110
102
}
102
{ACAD_REACTORS
330
72
102
}
330
72
100
AcDbMaterial
  1
Global
 43
0.0208000000566244
 43
0.0
 43
0.0
 43
0.0
 43
0.0
 43
0.0208000000566244
 43
0.0
 43
0.0
 43
0.0
 43
0.0
 43
1.0
 43
0.0
 43
0.0
 43
0.0
 43
0.0
 43
1.0
 49
0.0208000000566244
 49
0.0
 49
0.0
 49
0.0
 49
0.0
 49
0.0208000000566244
 49
0.0
 49
0.0
 49
0.0
 49
0.0
 49
1.0
 49
0.0
 49
0.0
 49
0.0
 49
0.0
 49
1.0
142
0.0208000000566244
142
0.0
142
0.0
142
0.0
142
0.0
142
0.0208000000566244
142
0.0
142
0.0
142
0.0
142
0.0
142
1.0
142
0.0
142
0.0
142
0.0
142
0.0
142
1.0
144
0.0208000000566244
144
0.0
144
0.0
144
0.0
144
0.0
144
0.0208000000566244
144
0.0
144
0.0
144
0.0
144
0.0
144
1.0
144
0.0
144
0.0
144
0.0
144
0.0
144
1.0
 94
       63
1001
ACAD
1070
    -1
1070
     3
1070
     0
1000

1071
        0
1070
     0
  0
MLEADERSTYLE
  5
E5
102
{ACAD_REACTORS
330
D7
102
}
330
D7
100
AcDbMLeaderStyle
179
     2
170
     2
171
     1
172
     0
 90
        2
 40
0.0
 41
0.0
173
     1
 91
-1056964608
340
14
 92
       -2
290
     1
 42
0.09
291
     1
 43
0.36
  3
Standard
 44
0.18
300

342
11
174
     1
178
     1
175
     1
176
     0
 93
-1056964608
 45
0.18
292
     0
297
     0
 46
0.18
 94
-1056964608
 47
1.0
 49
1.0
140
1.0
293
     1
141
0.0
294
     1
177
     0
142
1.0
295
     0
296
     1
143
0.125
271
     0
272
     9
273
     9
298
     0
  0
MLEADERSTYLE
  5
D8
102
{ACAD_REACTORS
330
D7
102
}
330
D7
100
AcDbMLeaderStyle
179
     2
170
     2
171
     1
172
     0
 90
        2
 40
0.0
 41
0.0
173
     1
 91
-1056964608
340
14
 92
       -2
290
     1
 42
0.09
291
     1
 43
0.36
  3
Standard
 44
0.18
300

342
11
174
     1
178
     1
175
     1
176
     0
 93
-1056964608
 45
0.18
292
     0
297
     0
 46
0.18
 94
-1056964608
 47
1.0
 49
1.0
140
1.0
293
     1
141
0.0
294
     1
177
     0
142
1.0
295
     0
296
     0
143
0.125
271
     0
272
     9
273
     9
298
     0
  0
MLINESTYLE
  5
18
102
{ACAD_REACTORS
330
17
102
}
330
17
100
AcDbMlineStyle
  2
STANDARD
 70
     0
  3

 62
   256
 51
90.0
 52
90.0
 71
     2
 49
0.5
 62
   256
  6
BYLAYER
 49
-0.5
 62
   256
  6
BYLAYER
  0
ACDBPLACEHOLDER
  5
F
102
{ACAD_REACTORS
330
E
102
}
330
E
  0
SCALE
  5
B7
102
{ACAD_REACTORS
330
B6
102
}
330
B6
100
AcDbScale
 70
     0
300
1:1
140
1.0
141
1.0
290
     1
  0
SCALE
  5
124
102
{ACAD_REACTORS
330
B6
102
}
330
B6
100
AcDbScale
 70
     0
300
1:2
140
1.0
141
2.0
290
     0
  0
SCALE
  5
125
102
{ACAD_REACTORS
330
B6
102
}
330
B6
100
AcDbScale
 70
     0
300
1:4
140
1.0
141
4.0
290
     0
  0
SCALE
  5
126
102
{ACAD_REACTORS
330
B6
102
}
330
B6
100
AcDbScale
 70
     0
300
1:5
140
1.0
141
5.0
290
     0
  0
SCALE
  5
127
102
{ACAD_REACTORS
330
B6
102
}
330
B6
100
AcDbScale
 70
     0
300
1:8
140
1.0
141
8.0
290
     0
  0
SCALE
  5
128
102
{ACAD_REACTORS
330
B6
102
}
330
B6
100
AcDbScale
 70
     0
300
1:10
140
1.0
141
10.0
290
     0
  0
SCALE
  5
129
102
{ACAD_REACTORS
330
B6
102
}
330
B6
100
AcDbScale
 70
     0
300
1:16
140
1.0
141
16.0
290
     0
  0
SCALE
  5
12A
102
{ACAD_REACTORS
330
B6
102
}
330
B6
100
AcDbScale
 70
     0
300
1:20
140
1.0
141
20.0
290
     0
  0
SCALE
  5
12B
102
{ACAD_REACTORS
330
B6
102
}
330
B6
100
AcDbScale
 70
     0
300
1:30
140
1.0
141
30.0
290
     0
  0
SCALE
  5
12C
102
{ACAD_REACTORS
330
B6
102
}
330
B6
100
AcDbScale
 70
     0
300
1:40
140
1.0
141
40.0
290
     0
  0
SCALE
  5
12D
102
{ACAD_REACTORS
330
B6
102
}
330
B6
100
AcDbScale
 70
     0
300
1:50
140
1.0
141
50.0
290
     0
  0
SCALE
  5
12E
102
{ACAD_REACTORS
330
B6
102
}
330
B6
100
AcDbScale
 70
     0
300
1:100
140
1.0
141
100.0
290
     0
  0
SCALE
  5
12F
102
{ACAD_REACTORS
330
B6
102
}
330
B6
100
AcDbScale
 70
     0
300
2:1
140
2.0
141
1.0
290
     0
  0
SCALE
  5
130
102
{ACAD_REACTORS
330
B6
102
}
330
B6
100
AcDbScale
 70
     0
300
4:1
140
4.0
141
1.0
290
     0
  0
SCALE
  5
131
102
{ACAD_REACTORS
330
B6
102
}
330
B6
100
AcDbScale
 70
     0
300
8:1
140
8.0
141
1.0
290
     0
  0
SCALE
  5
132
102
{ACAD_REACTORS
330
B6
102
}
330
B6
100
AcDbScale
 70
     0
300
10:1
140
10.0
141
1.0
290
     0
  0
SCALE
  5
133
102
{ACAD_REACTORS
330
B6
102
}
330
B6
100
AcDbScale
 70
     0
300
100:1
140
100.0
141
1.0
290
     0
  0
SCALE
  5
134
102
{ACAD_REACTORS
330
B6
102
}
330
B6
100
AcDbScale
 70
     0
300
1/128" = 1'-0"
140
0.0078125
141
12.0
290
     0
  0
SCALE
  5
135
102
{ACAD_REACTORS
330
B6
102
}
330
B6
100
AcDbScale
 70
     0
300
1/64" = 1'-0"
140
0.015625
141
12.0
290
     0
  0
SCALE
  5
136
102
{ACAD_REACTORS
330
B6
102
}
330
B6
100
AcDbScale
 70
     0
300
1/32" = 1'-0"
140
0.03125
141
12.0
290
     0
  0
SCALE
  5
137
102
{ACAD_REACTORS
330
B6
102
}
330
B6
100
AcDbScale
 70
     0
300
1/16" = 1'-0"
140
0.0625
141
12.0
290
     0
  0
SCALE
  5
138
102
{ACAD_REACTORS
330
B6
102
}
330
B6
100
AcDbScale
 70
     0
300
3/32" = 1'-0"
140
0.09375
141
12.0
290
     0
  0
SCALE
  5
139
102
{ACAD_REACTORS
330
B6
102
}
330
B6
100
AcDbScale
 70
     0
300
1/8" = 1'-0"
140
0.125
141
12.0
290
     0
  0
SCALE
  5
13A
102
{ACAD_REACTORS
330
B6
102
}
330
B6
100
AcDbScale
 70
     0
300
3/16" = 1'-0"
140
0.1875
141
12.0
290
     0
  0
SCALE
  5
13B
102
{ACAD_REACTORS
330
B6
102
}
330
B6
100
AcDbScale
 70
     0
300
1/4" = 1'-0"
140
0.25
141
12.0
290
     0
  0
SCALE
  5
13C
102
{ACAD_REACTORS
330
B6
102
}
330
B6
100
AcDbScale
 70
     0
300
3/8" = 1'-0"
140
0.375
141
12.0
290
     0
  0
SCALE
  5
13D
102
{ACAD_REACTORS
330
B6
102
}
330
B6
100
AcDbScale
 70
     0
300
1/2" = 1'-0"
140
0.5
141
12.0
290
     0
  0
SCALE
  5
13E
102
{ACAD_REACTORS
330
B6
102
}
330
B6
100
AcDbScale
 70
     0
300
3/4" = 1'-0"
140
0.75
141
12.0
290
     0
  0
SCALE
  5
13F
102
{ACAD_REACTORS
330
B6
102
}
330
B6
100
AcDbScale
 70
     0
300
1" = 1'-0"
140
1.0
141
12.0
290
     0
  0
SCALE
  5
140
102
{ACAD_REACTORS
330
B6
102
}
330
B6
100
AcDbScale
 70
     0
300
1-1/2" = 1'-0"
140
1.5
141
12.0
290
     0
  0
SCALE
  5
141
102
{ACAD_REACTORS
330
B6
102
}
330
B6
100
AcDbScale
 70
     0
300
3" = 1'-0"
140
3.0
141
12.0
290
     0
  0
SCALE
  5
142
102
{ACAD_REACTORS
330
B6
102
}
330
B6
100
AcDbScale
 70
     0
300
6" = 1'-0"
140
6.0
141
12.0
290
     0
  0
SCALE
  5
143
102
{ACAD_REACTORS
330
B6
102
}
330
B6
100
AcDbScale
 70
     0
300
1'-0" = 1'-0"
140
12.0
141
12.0
290
     0
  0
ACDBSECTIONVIEWSTYLE
  5
1AA
102
{ACAD_REACTORS
330
1A8
102
}
330
1A8
100
AcDbModelDocViewStyle
 70
     0
  3
Imperial24
290
     0
300
Imperial24
 90
        0
100
AcDbSectionViewStyle
 70
     0
 71
     0
 90
       78
 71
     1
340
11
 62
   256
 40
0.24
340
0
340
0
 62
   256
 40
0.24
300
I, O, Q, S, X, Z
 40
0.48
 90
        3
 40
0.18
 90
        1
 71
     2
340
16
 90
       25
 62
   256
340
16
 90
       50
 62
   256
 40
0.24
 40
0.0
 40
0.24
 71
     3
340
11
 62
   256
 40
0.24
 90
        1
 40
0.75
 90
        1
300
%<\AcVar ViewType \f "%tc1">% %<\AcVar ViewSectionStartId>%-%<\AcVar ViewSectionEndId>%\PSCALE %<\AcVar ViewScale \f "%sn">%
 71
     4
 62
   256
 62
   257
300
ANSI31
 40
1.0
 90
        0
290
     0
290
     0
 90
        6
 40
0.0
 40
1.570796326794896
 40
0.2617993877991494
 40
1.308996938995747
 40
-0.2617993877991494
 40
1.832595714594045
  0
TABLESTYLE
  5
87
102
{ACAD_XDICTIONARY
360
104
102
}
102
{ACAD_REACTORS
330
86
102
}
330
86
100
AcDbTableStyle
280
     0
  3
Standard
 70
     0
 71
     0
 40
0.06
 41
0.06
280
     0
281
     0
  7
Standard
140
0.18
170
     2
 62
     0
 63
     7
283
     0
 90
      512
 91
        0
  1

274
    -2
284
     1
 64
     0
275
    -2
285
     1
 65
     0
276
    -2
286
     1
 66
     0
277
    -2
287
     1
 67
     0
278
    -2
288
     1
 68
     0
279
    -2
289
     1
 69
     0
  7
Standard
140
0.25
170
     5
 62
     0
 63
     7
283
     0
 90
      512
 91
        0
  1

274
    -2
284
     1
 64
     0
275
    -2
285
     1
 65
     0
276
    -2
286
     1
 66
     0
277
    -2
287
     1
 67
     0
278
    -2
288
     1
 68
     0
279
    -2
289
     1
 69
     0
  7
Standard
140
0.18
170
     5
 62
     0
 63
     7
283
     0
 90
      512
 91
        0
  1

274
    -2
284
     1
 64
     0
275
    -2
285
     1
 65
     0
276
    -2
286
     1
 66
     0
277
    -2
287
     1
 67
     0
278
    -2
288
     1
 68
     0
279
    -2
289
     1
 69
     0
  0
VISUALSTYLE
  5
9F
102
{ACAD_REACTORS
330
99
102
}
330
99
100
AcDbVisualStyle
  2
2dWireframe
 70
     4
177
     3
291
     0
 70
    58
 90
        0
176
     1
 90
        2
176
     1
 90
        1
176
     1
 90
        0
176
     1
 40
0.6
176
     1
 40
30.0
176
     1
 62
     7
420
 16777215
176
     1
 90
        1
176
     1
 90
        4
176
     1
 62
     7
176
     1
 62
   257
176
     1
 90
        1
176
     1
 90
        1
176
     1
 40
1.0
176
     1
 90
        0
176
     1
 62
   257
176
     1
 40
1.0
176
     1
 90
        1
176
     1
 90
        6
176
     1
 90
        2
176
     1
 62
     7
176
     1
 90
        5
176
     1
 90
        0
176
     1
 90
        0
176
     1
290
     0
176
     1
 90
        1
176
     1
 40
0.0
176
     1
 90
        0
176
     1
290
     1
176
     1
290
     1
176
     1
290
     0
176
     1
290
     0
176
     1
290
     0
176
     1
290
     0
176
     1
290
     0
176
     1
290
     0
176
     1
290
     0
176
     1
 90
       50
176
     1
 40
0.0
176
     1
 40
1.0
176
     1
 90
        0
176
     1
 62
    18
176
     1
 90
       50
176
     1
 90
        3
176
     1
 62
     5
420
      255
176
     1
290
     0
176
     1
 90
       50
176
     1
 90
       50
176
     1
 90
       50
176
     1
290
     0
176
     1
 90
       50
176
     1
 62
   256
176
     0
 40
1.0
176
     0
 90
        2
176
     1
  1
strokes_ogs.tif
176
     1
290
     0
176
     1
 40
1.0
176
     1
 40
1.0
176
     1
  0
VISUALSTYLE
  5
9E
102
{ACAD_REACTORS
330
99
102
}
330
99
100
AcDbVisualStyle
  2
Basic
 70
     7
177
     3
291
     1
 70
    58
 90
        1
176
     1
 90
        0
176
     1
 90
        1
176
     1
 90
        0
176
     1
 40
0.6
176
     1
 40
30.0
176
     1
 62
     7
420
 16777215
176
     1
 90
        0
176
     1
 90
        4
176
     1
 62
     7
176
     1
 62
   257
176
     1
 90
        1
176
     1
 90
        1
176
     1
 40
1.0
176
     1
 90
        8
176
     1
 62
     7
176
     1
 40
1.0
176
     1
 90
        1
176
     1
 90
        6
176
     1
 90
        2
176
     1
 62
     7
176
     1
 90
        5
176
     1
 90
        0
176
     1
 90
        0
176
     1
290
     0
176
     1
 90
        1
176
     1
 40
0.0
176
     1
 90
        0
176
     1
290
     0
176
     1
290
     1
176
     1
290
     1
176
     1
290
     0
176
     1
290
     0
176
     1
290
     0
176
     1
290
     0
176
     1
290
     0
176
     1
290
     0
176
     1
 90
       50
176
     1
 40
0.0
176
     1
 40
1.0
176
     1
 90
        0
176
     1
 62
    18
176
     1
 90
       50
176
     1
 90
        3
176
     1
 62
     5
420
      255
176
     1
290
     0
176
     1
 90
       50
176
     1
 90
       50
176
     1
 90
       50
176
     1
290
     0
176
     1
 90
       50
176
     1
 62
   256
176
     0
 40
1.0
176
     0
 90
        2
176
     1
  1
strokes_ogs.tif
176
     1
290
     0
176
     1
 40
1.0
176
     1
 40
1.0
176
     1
  0
VISUALSTYLE
  5
A5
102
{ACAD_REACTORS
330
99
102
}
330
99
100
AcDbVisualStyle
  2
Brighten
 70
    12
177
     3
291
     1
 70
    58
 90
        2
176
     1
 90
        2
176
     1
 90
        1
176
     1
 90
        0
176
     1
 40
0.6
176
     1
 40
30.0
176
     1
 62
     7
420
 16777215
176
     1
 90
        1
176
     1
 90
        4
176
     1
 62
     7
176
     1
 62
   257
176
     1
 90
        1
176
     1
 90
        1
176
     1
 40
1.0
176
     1
 90
        8
176
     1
 62
     7
176
     1
 40
1.0
176
     1
 90
        1
176
     1
 90
        6
176
     1
 90
        2
176
     1
 62
     7
176
     1
 90
        5
176
     1
 90
        0
176
     1
 90
        0
176
     1
290
     0
176
     1
 90
        1
176
     1
 40
50.0
176
     1
 90
        0
176
     1
290
     0
176
     1
290
     1
176
     1
290
     1
176
     1
290
     0
176
     1
290
     0
176
     1
290
     0
176
     1
290
     0
176
     1
290
     0
176
     1
290
     0
176
     1
 90
       50
176
     1
 40
0.0
176
     1
 40
1.0
176
     1
 90
        0
176
     1
 62
    18
176
     1
 90
       50
176
     1
 90
        3
176
     1
 62
     5
420
      255
176
     1
290
     0
176
     1
 90
       50
176
     1
 90
       50
176
     1
 90
       50
176
     1
290
     0
176
     1
 90
       50
176
     1
 62
   256
176
     0
 40
1.0
176
     0
 90
        2
176
     1
  1
strokes_ogs.tif
176
     1
290
     0
176
     1
 40
1.0
176
     1
 40
1.0
176
     1
  0
VISUALSTYLE
  5
A9
102
{ACAD_REACTORS
330
99
102
}
330
99
100
AcDbVisualStyle
  2
ColorChange
 70
    16
177
     3
291
     1
 70
    58
 90
        2
176
     1
 90
        2
176
     1
 90
        3
176
     1
 90
        0
176
     1
 40
0.6
176
     1
 40
30.0
176
     1
 62
     8
420
  8421504
176
     1
 90
        1
176
     1
 90
        4
176
     1
 62
     7
176
     1
 62
   257
176
     1
 90
        1
176
     1
 90
        1
176
     1
 40
1.0
176
     1
 90
        8
176
     1
 62
     8
420
  8421504
176
     1
 40
1.0
176
     1
 90
        1
176
     1
 90
        6
176
     1
 90
        2
176
     1
 62
     7
176
     1
 90
        5
176
     1
 90
        0
176
     1
 90
        0
176
     1
290
     0
176
     1
 90
        1
176
     1
 40
0.0
176
     1
 90
        0
176
     1
290
     0
176
     1
290
     1
176
     1
290
     1
176
     1
290
     0
176
     1
290
     0
176
     1
290
     0
176
     1
290
     0
176
     1
290
     0
176
     1
290
     0
176
     1
 90
       50
176
     1
 40
0.0
176
     1
 40
1.0
176
     1
 90
        0
176
     1
 62
    18
176
     1
 90
       50
176
     1
 90
        3
176
     1
 62
     5
420
      255
176
     1
290
     0
176
     1
 90
       50
176
     1
 90
       50
176
     1
 90
       50
176
     1
290
     0
176
     1
 90
       50
176
     1
 62
   256
176
     0
 40
1.0
176
     0
 90
        2
176
     1
  1
strokes_ogs.tif
176
     1
290
     0
176
     1
 40
1.0
176
     1
 40
1.0
176
     1
  0
VISUALSTYLE
  5
A2
102
{ACAD_REACTORS
330
99
102
}
330
99
100
AcDbVisualStyle
  2
Conceptual
 70
     9
177
     3
291
     0
 70
    58
 90
        3
176
     1
 90
        2
176
     1
 90
        1
176
     1
 90
        0
176
     1
 40
0.6
176
     1
 40
30.0
176
     1
 62
     7
420
 16777215
176
     1
 90
        2
176
     1
 90
        2
176
     1
 62
     7
176
     1
 62
   257
176
     1
 90
        1
176
     1
 90
        1
176
     1
 40
40.0
176
     1
 90
        8
176
     1
 62
     7
176
     1
 40
1.0
176
     1
 90
        1
176
     1
 90
        6
176
     1
 90
        2
176
     1
 62
     7
176
     1
 90
        3
176
     1
 90
        0
176
     1
 90
        0
176
     1
290
     0
176
     1
 90
        1
176
     1
 40
0.0
176
     1
 90
        0
176
     1
290
     0
176
     1
290
     1
176
     1
290
     1
176
     1
290
     0
176
     1
290
     0
176
     1
290
     0
176
     1
290
     0
176
     1
290
     0
176
     1
290
     0
176
     1
 90
       50
176
     1
 40
0.0
176
     1
 40
1.0
176
     1
 90
        0
176
     1
 62
    18
176
     1
 90
       50
176
     1
 90
        3
176
     1
 62
     5
420
      255
176
     1
290
     0
176
     1
 90
       50
176
     1
 90
       50
176
     1
 90
       50
176
     1
290
     0
176
     1
 90
       50
176
     1
 62
   256
176
     0
 40
1.0
176
     0
 90
        2
176
     1
  1
strokes_ogs.tif
176
     1
290
     0
176
     1
 40
1.0
176
     1
 40
1.0
176
     1
  0
VISUALSTYLE
  5
A4
102
{ACAD_REACTORS
330
99
102
}
330
99
100
AcDbVisualStyle
  2
Dim
 70
    11
177
     3
291
     1
 70
    58
 90
        2
176
     1
 90
        2
176
     1
 90
        1
176
     1
 90
        0
176
     1
 40
0.6
176
     1
 40
30.0
176
     1
 62
     7
420
 16777215
176
     1
 90
        1
176
     1
 90
        4
176
     1
 62
     7
176
     1
 62
   257
176
     1
 90
        1
176
     1
 90
        1
176
     1
 40
1.0
176
     1
 90
        8
176
     1
 62
     7
176
     1
 40
1.0
176
     1
 90
        1
176
     1
 90
        6
176
     1
 90
        2
176
     1
 62
     7
176
     1
 90
        5
176
     1
 90
        0
176
     1
 90
        0
176
     1
290
     0
176
     1
 90
        1
176
     1
 40
-50.0
176
     1
 90
        0
176
     1
290
     0
176
     1
290
     1
176
     1
290
     1
176
     1
290
     0
176
     1
290
     0
176
     1
290
     0
176
     1
290
     0
176
     1
290
     0
176
     1
290
     0
176
     1
 90
       50
176
     1
 40
0.0
176
     1
 40
1.0
176
     1
 90
        0
176
     1
 62
    18
176
     1
 90
       50
176
     1
 90
        3
176
     1
 62
     5
420
      255
176
     1
290
     0
176
     1
 90
       50
176
     1
 90
       50
176
     1
 90
       50
176
     1
290
     0
176
     1
 90
       50
176
     1
 62
   256
176
     0
 40
1.0
176
     0
 90
        2
176
     1
  1
strokes_ogs.tif
176
     1
290
     0
176
     1
 40
1.0
176
     1
 40
1.0
176
     1
  0
VISUALSTYLE
  5
175
102
{ACAD_REACTORS
330
99
102
}
330
99
100
AcDbVisualStyle
  2
EdgeColorOff
 70
    22
177
     3
291
     1
 70
    58
 90
        2
176
     0
 90
        2
176
     0
 90
        0
176
     0
 90
        0
176
     0
 40
0.6
176
     0
 40
30.0
176
     0
 62
     7
420
 16777215
176
     0
 90
        1
176
     0
 90
        4
176
     0
 62
     7
176
     0
 62
   257
176
     0
 90
        1
176
     0
 90
        1
176
     0
 40
1.0
176
     0
 90
        8
176
     2
 62
     7
176
     0
 40
1.0
176
     0
 90
        1
176
     0
 90
        6
176
     0
 90
        2
176
     0
 62
     7
176
     0
 90
        5
176
     0
 90
        0
176
     0
 90
        0
176
     0
290
     0
176
     0
 90
        1
176
     0
 40
0.0
176
     0
 90
        0
176
     0
290
     0
176
     1
290
     1
176
     1
290
     1
176
     1
290
     0
176
     1
290
     0
176
     1
290
     0
176
     1
290
     0
176
     1
290
     0
176
     1
290
     0
176
     1
 90
       50
176
     1
 40
0.0
176
     1
 40
1.0
176
     1
 90
        0
176
     1
 62
    18
176
     1
 90
       50
176
     1
 90
        3
176
     1
 62
     5
420
      255
176
     1
290
     0
176
     1
 90
       50
176
     1
 90
       50
176
     1
 90
       50
176
     1
290
     0
176
     1
 90
       50
176
     1
 62
   256
176
     0
 40
1.0
176
     0
 90
        2
176
     1
  1
strokes_ogs.tif
176
     1
290
     0
176
     1
 40
1.0
176
     1
 40
1.0
176
     1
  0
VISUALSTYLE
  5
A8
102
{ACAD_REACTORS
330
99
102
}
330
99
100
AcDbVisualStyle
  2
Facepattern
 70
    15
177
     3
291
     1
 70
    58
 90
        2
176
     1
 90
        2
176
     1
 90
        1
176
     1
 90
        0
176
     1
 40
0.6
176
     1
 40
30.0
176
     1
 62
     7
420
 16777215
176
     1
 90
        1
176
     1
 90
        4
176
     1
 62
     7
176
     1
 62
   257
176
     1
 90
        1
176
     1
 90
        1
176
     1
 40
1.0
176
     1
 90
        8
176
     1
 62
     7
176
     1
 40
1.0
176
     1
 90
        1
176
     1
 90
        6
176
     1
 90
        2
176
     1
 62
     7
176
     1
 90
        5
176
     1
 90
        0
176
     1
 90
        0
176
     1
290
     0
176
     1
 90
        1
176
     1
 40
0.0
176
     1
 90
        0
176
     1
290
     0
176
     1
290
     1
176
     1
290
     1
176
     1
290
     0
176
     1
290
     0
176
     1
290
     0
176
     1
290
     0
176
     1
290
     0
176
     1
290
     0
176
     1
 90
       50
176
     1
 40
0.0
176
     1
 40
1.0
176
     1
 90
        0
176
     1
 62
    18
176
     1
 90
       50
176
     1
 90
        3
176
     1
 62
     5
420
      255
176
     1
290
     0
176
     1
 90
       50
176
     1
 90
       50
176
     1
 90
       50
176
     1
290
     0
176
     1
 90
       50
176
     1
 62
   256
176
     0
 40
1.0
176
     0
 90
        2
176
     1
  1
strokes_ogs.tif
176
     1
290
     0
176
     1
 40
1.0
176
     1
 40
1.0
176
     1
  0
VISUALSTYLE
  5
9A
102
{ACAD_REACTORS
330
99
102
}
330
99
100
AcDbVisualStyle
  2
Flat
 70
     0
177
     3
291
     1
 70
    58
 90
        2
176
     1
 90
        1
176
     1
 90
        1
176
     1
 90
        2
176
     1
 40
0.6
176
     1
 40
30.0
176
     1
 62
     7
420
 16777215
176
     1
 90
        0
176
     1
 90
        0
176
     1
 62
     7
176
     1
 62
   257
176
     1
 90
        1
176
     1
 90
        1
176
     1
 40
1.0
176
     1
 90
        8
176
     1
 62
     7
176
     1
 40
1.0
176
     1
 90
        1
176
     1
 90
        6
176
     1
 90
        2
176
     1
 62
     7
176
     1
 90
        5
176
     1
 90
        0
176
     1
 90
        0
176
     1
290
     0
176
     1
 90
       13
176
     1
 40
0.0
176
     1
 90
        0
176
     1
290
     0
176
     1
290
     1
176
     1
290
     1
176
     1
290
     0
176
     1
290
     0
176
     1
290
     0
176
     1
290
     0
176
     1
290
     0
176
     1
290
     0
176
     1
 90
       50
176
     1
 40
0.0
176
     1
 40
1.0
176
     1
 90
        0
176
     1
 62
    18
176
     1
 90
       50
176
     1
 90
        3
176
     1
 62
     5
420
      255
176
     1
290
     0
176
     1
 90
       50
176
     1
 90
       50
176
     1
 90
       50
176
     1
290
     0
176
     1
 90
       50
176
     1
 62
   256
176
     0
 40
1.0
176
     0
 90
        2
176
     1
  1
strokes_ogs.tif
176
     1
290
     0
176
     1
 40
1.0
176
     1
 40
1.0
176
     1
  0
VISUALSTYLE
  5
9B
102
{ACAD_REACTORS
330
99
102
}
330
99
100
AcDbVisualStyle
  2
FlatWithEdges
 70
     1
177
     3
291
     1
 70
    58
 90
        2
176
     1
 90
        1
176
     1
 90
        1
176
     1
 90
        2
176
     1
 40
0.6
176
     1
 40
30.0
176
     1
 62
     7
420
 16777215
176
     1
 90
        1
176
     1
 90
        0
176
     1
 62
     7
176
     1
 62
   257
176
     1
 90
        1
176
     1
 90
        1
176
     1
 40
1.0
176
     1
 90
        0
176
     1
 62
   257
176
     1
 40
1.0
176
     1
 90
        1
176
     1
 90
        6
176
     1
 90
        2
176
     1
 62
     7
176
     1
 90
        5
176
     1
 90
        0
176
     1
 90
        0
176
     1
290
     0
176
     1
 90
       13
176
     1
 40
0.0
176
     1
 90
        0
176
     1
290
     0
176
     1
290
     1
176
     1
290
     1
176
     1
290
     0
176
     1
290
     0
176
     1
290
     0
176
     1
290
     0
176
     1
290
     0
176
     1
290
     0
176
     1
 90
       50
176
     1
 40
0.0
176
     1
 40
1.0
176
     1
 90
        0
176
     1
 62
    18
176
     1
 90
       50
176
     1
 90
        3
176
     1
 62
     5
420
      255
176
     1
290
     0
176
     1
 90
       50
176
     1
 90
       50
176
     1
 90
       50
176
     1
290
     0
176
     1
 90
       50
176
     1
 62
   256
176
     0
 40
1.0
176
     0
 90
        2
176
     1
  1
strokes_ogs.tif
176
     1
290
     0
176
     1
 40
1.0
176
     1
 40
1.0
176
     1
  0
VISUALSTYLE
  5
9C
102
{ACAD_REACTORS
330
99
102
}
330
99
100
AcDbVisualStyle
  2
Gouraud
 70
     2
177
     3
291
     1
 70
    58
 90
        2
176
     1
 90
        2
176
     1
 90
        1
176
     1
 90
        2
176
     1
 40
0.6
176
     1
 40
30.0
176
     1
 62
     7
420
 16777215
176
     1
 90
        0
176
     1
 90
        0
176
     1
 62
     7
176
     1
 62
   257
176
     1
 90
        1
176
     1
 90
        1
176
     1
 40
1.0
176
     1
 90
        0
176
     1
 62
     7
176
     1
 40
1.0
176
     1
 90
        1
176
     1
 90
        6
176
     1
 90
        2
176
     1
 62
     7
176
     1
 90
        5
176
     1
 90
        0
176
     1
 90
        0
176
     1
290
     0
176
     1
 90
       13
176
     1
 40
0.0
176
     1
 90
        0
176
     1
290
     0
176
     1
290
     1
176
     1
290
     1
176
     1
290
     0
176
     1
290
     0
176
     1
290
     0
176
     1
290
     0
176
     1
290
     0
176
     1
290
     0
176
     1
 90
       50
176
     1
 40
0.0
176
     1
 40
1.0
176
     1
 90
        0
176
     1
 62
    18
176
     1
 90
       50
176
     1
 90
        3
176
     1
 62
     5
420
      255
176
     1
290
     0
176
     1
 90
       50
176
     1
 90
       50
176
     1
 90
       50
176
     1
290
     0
176
     1
 90
       50
176
     1
 62
   256
176
     0
 40
1.0
176
     0
 90
        2
176
     1
  1
strokes_ogs.tif
176
     1
290
     0
176
     1
 40
1.0
176
     1
 40
1.0
176
     1
  0
VISUALSTYLE
  5
9D
102
{ACAD_REACTORS
330
99
102
}
330
99
100
AcDbVisualStyle
  2
GouraudWithEdges
 70
     3
177
     3
291
     1
 70
    58
 90
        2
176
     1
 90
        2
176
     1
 90
        1
176
     1
 90
        2
176
     1
 40
0.6
176
     1
 40
30.0
176
     1
 62
     7
420
 16777215
176
     1
 90
        1
176
     1
 90
        0
176
     1
 62
     7
176
     1
 62
   257
176
     1
 90
        1
176
     1
 90
        1
176
     1
 40
1.0
176
     1
 90
        0
176
     1
 62
   257
176
     1
 40
1.0
176
     1
 90
        1
176
     1
 90
        6
176
     1
 90
        2
176
     1
 62
     7
176
     1
 90
        5
176
     1
 90
        0
176
     1
 90
        0
176
     1
290
     0
176
     1
 90
       13
176
     1
 40
0.0
176
     1
 90
        0
176
     1
290
     0
176
     1
290
     1
176
     1
290
     1
176
     1
290
     0
176
     1
290
     0
176
     1
290
     0
176
     1
290
     0
176
     1
290
     0
176
     1
290
     0
176
     1
 90
       50
176
     1
 40
0.0
176
     1
 40
1.0
176
     1
 90
        0
176
     1
 62
    18
176
     1
 90
       50
176
     1
 90
        3
176
     1
 62
     5
420
      255
176
     1
290
     0
176
     1
 90
       50
176
     1
 90
       50
176
     1
 90
       50
176
     1
290
     0
176
     1
 90
       50
176
     1
 62
   256
176
     0
 40
1.0
176
     0
 90
        2
176
     1
  1
strokes_ogs.tif
176
     1
290
     0
176
     1
 40
1.0
176
     1
 40
1.0
176
     1
  0
VISUALSTYLE
  5
A1
102
{ACAD_REACTORS
330
99
102
}
330
99
100
AcDbVisualStyle
  2
Hidden
 70
     6
177
     3
291
     0
 70
    58
 90
        1
176
     1
 90
        2
176
     1
 90
        2
176
     1
 90
        0
176
     1
 40
0.6
176
     1
 40
30.0
176
     1
 62
     7
420
 16777215
176
     1
 90
        2
176
     1
 90
        2
176
     1
 62
     7
176
     1
 62
   257
176
     1
 90
        2
176
     1
 90
        1
176
     1
 40
40.0
176
     1
 90
        0
176
     1
 62
   257
176
     1
 40
1.0
176
     1
 90
        1
176
     1
 90
        6
176
     1
 90
        2
176
     1
 62
     7
176
     1
 90
        3
176
     1
 90
        0
176
     1
 90
        0
176
     1
290
     0
176
     1
 90
        1
176
     1
 40
0.0
176
     1
 90
        0
176
     1
290
     0
176
     1
290
     1
176
     1
290
     1
176
     1
290
     0
176
     1
290
     0
176
     1
290
     0
176
     1
290
     0
176
     1
290
     0
176
     1
290
     0
176
     1
 90
       50
176
     1
 40
0.0
176
     1
 40
1.0
176
     1
 90
        0
176
     1
 62
    18
176
     1
 90
       50
176
     1
 90
        3
176
     1
 62
     5
420
      255
176
     1
290
     0
176
     1
 90
       50
176
     1
 90
       50
176
     1
 90
       50
176
     1
290
     0
176
     1
 90
       50
176
     1
 62
   256
176
     0
 40
1.0
176
     0
 90
        2
176
     1
  1
strokes_ogs.tif
176
     1
290
     0
176
     1
 40
1.0
176
     1
 40
1.0
176
     1
  0
VISUALSTYLE
  5
173
102
{ACAD_REACTORS
330
99
102
}
330
99
100
AcDbVisualStyle
  2
JitterOff
 70
    20
177
     3
291
     1
 70
    58
 90
        2
176
     0
 90
        2
176
     0
 90
        0
176
     0
 90
        0
176
     0
 40
0.6
176
     0
 40
30.0
176
     0
 62
     7
420
 16777215
176
     0
 90
        1
176
     0
 90
        4
176
     0
 62
     7
176
     0
 62
   257
176
     0
 90
        1
176
     0
 90
        1
176
     0
 40
1.0
176
     0
 90
       10
176
     2
 62
     7
176
     0
 40
1.0
176
     0
 90
        1
176
     0
 90
        6
176
     0
 90
        2
176
     0
 62
     7
176
     0
 90
        5
176
     0
 90
        0
176
     0
 90
        0
176
     0
290
     0
176
     0
 90
        1
176
     0
 40
0.0
176
     0
 90
        0
176
     0
290
     0
176
     1
290
     1
176
     1
290
     1
176
     1
290
     0
176
     1
290
     0
176
     1
290
     0
176
     1
290
     0
176
     1
290
     0
176
     1
290
     0
176
     1
 90
       50
176
     1
 40
0.0
176
     1
 40
1.0
176
     1
 90
        0
176
     1
 62
    18
176
     1
 90
       50
176
     1
 90
        3
176
     1
 62
     5
420
      255
176
     1
290
     0
176
     1
 90
       50
176
     1
 90
       50
176
     1
 90
       50
176
     1
290
     0
176
     1
 90
       50
176
     1
 62
   256
176
     0
 40
1.0
176
     0
 90
        2
176
     1
  1
strokes_ogs.tif
176
     1
290
     0
176
     1
 40
1.0
176
     1
 40
1.0
176
     1
  0
VISUALSTYLE
  5
A7
102
{ACAD_REACTORS
330
99
102
}
330
99
100
AcDbVisualStyle
  2
Linepattern
 70
    14
177
     3
291
     1
 70
    58
 90
        2
176
     1
 90
        2
176
     1
 90
        1
176
     1
 90
        0
176
     1
 40
0.6
176
     1
 40
30.0
176
     1
 62
     7
420
 16777215
176
     1
 90
        1
176
     1
 90
        4
176
     1
 62
     7
176
     1
 62
   257
176
     1
 90
        7
176
     1
 90
        7
176
     1
 40
1.0
176
     1
 90
        8
176
     1
 62
     7
176
     1
 40
1.0
176
     1
 90
        1
176
     1
 90
        6
176
     1
 90
        2
176
     1
 62
     7
176
     1
 90
        5
176
     1
 90
        0
176
     1
 90
        0
176
     1
290
     0
176
     1
 90
        1
176
     1
 40
0.0
176
     1
 90
        0
176
     1
290
     0
176
     1
290
     1
176
     1
290
     1
176
     1
290
     0
176
     1
290
     0
176
     1
290
     0
176
     1
290
     0
176
     1
290
     0
176
     1
290
     0
176
     1
 90
       50
176
     1
 40
0.0
176
     1
 40
1.0
176
     1
 90
        0
176
     1
 62
    18
176
     1
 90
       50
176
     1
 90
        3
176
     1
 62
     5
420
      255
176
     1
290
     0
176
     1
 90
       50
176
     1
 90
       50
176
     1
 90
       50
176
     1
290
     0
176
     1
 90
       50
176
     1
 62
   256
176
     0
 40
1.0
176
     0
 90
        2
176
     1
  1
strokes_ogs.tif
176
     1
290
     0
176
     1
 40
1.0
176
     1
 40
1.0
176
     1
  0
VISUALSTYLE
  5
174
102
{ACAD_REACTORS
330
99
102
}
330
99
100
AcDbVisualStyle
  2
OverhangOff
 70
    21
177
     3
291
     1
 70
    58
 90
        2
176
     0
 90
        2
176
     0
 90
        0
176
     0
 90
        0
176
     0
 40
0.6
176
     0
 40
30.0
176
     0
 62
     7
420
 16777215
176
     0
 90
        1
176
     0
 90
        4
176
     0
 62
     7
176
     0
 62
   257
176
     0
 90
        1
176
     0
 90
        1
176
     0
 40
1.0
176
     0
 90
        9
176
     2
 62
     7
176
     0
 40
1.0
176
     0
 90
        1
176
     0
 90
        6
176
     0
 90
        2
176
     0
 62
     7
176
     0
 90
        5
176
     0
 90
        0
176
     0
 90
        0
176
     0
290
     0
176
     0
 90
        1
176
     0
 40
0.0
176
     0
 90
        0
176
     0
290
     0
176
     1
290
     1
176
     1
290
     1
176
     1
290
     0
176
     1
290
     0
176
     1
290
     0
176
     1
290
     0
176
     1
290
     0
176
     1
290
     0
176
     1
 90
       50
176
     1
 40
0.0
176
     1
 40
1.0
176
     1
 90
        0
176
     1
 62
    18
176
     1
 90
       50
176
     1
 90
        3
176
     1
 62
     5
420
      255
176
     1
290
     0
176
     1
 90
       50
176
     1
 90
       50
176
     1
 90
       50
176
     1
290
     0
176
     1
 90
       50
176
     1
 62
   256
176
     0
 40
1.0
176
     0
 90
        2
176
     1
  1
strokes_ogs.tif
176
     1
290
     0
176
     1
 40
1.0
176
     1
 40
1.0
176
     1
  0
VISUALSTYLE
  5
A3
102
{ACAD_REACTORS
330
99
102
}
330
99
100
AcDbVisualStyle
  2
Realistic
 70
     8
177
     3
291
     0
 70
    58
 90
        2
176
     1
 90
        3
176
     1
 90
        0
176
     1
 90
        2
176
     1
 40
0.6
176
     1
 40
30.0
176
     1
 62
     7
420
 16777215
176
     1
 90
        0
176
     1
 90
        0
176
     1
 62
     7
176
     1
 62
   257
176
     1
 90
        1
176
     1
 90
        1
176
     1
 40
1.0
176
     1
 90
        8
176
     1
 62
   257
176
     1
 40
1.0
176
     1
 90
        1
176
     1
 90
        6
176
     1
 90
        2
176
     1
 62
     7
176
     1
 90
        3
176
     1
 90
        0
176
     1
 90
        0
176
     1
290
     0
176
     1
 90
       13
176
     1
 40
0.0
176
     1
 90
        0
176
     1
290
     0
176
     1
290
     1
176
     1
290
     1
176
     1
290
     0
176
     1
290
     0
176
     1
290
     0
176
     1
290
     0
176
     1
290
     0
176
     1
290
     0
176
     1
 90
       50
176
     1
 40
0.0
176
     1
 40
1.0
176
     1
 90
        0
176
     1
 62
    18
176
     1
 90
       50
176
     1
 90
        3
176
     1
 62
     5
420
      255
176
     1
290
     0
176
     1
 90
       50
176
     1
 90
       50
176
     1
 90
       50
176
     1
290
     0
176
     1
 90
       50
176
     1
 62
   256
176
     0
 40
1.0
176
     0
 90
        2
176
     1
  1
strokes_ogs.tif
176
     1
290
     0
176
     1
 40
1.0
176
     1
 40
1.0
176
     1
  0
VISUALSTYLE
  5
182
102
{ACAD_REACTORS
330
99
102
}
330
99
100
AcDbVisualStyle
  2
Shaded
 70
    27
177
     3
291
     0
 70
    58
 90
        2
176
     1
 90
        2
176
     1
 90
        1
176
     1
 90
        2
176
     1
 40
0.6
176
     1
 40
30.0
176
     1
 62
     7
420
 16777215
176
     1
 90
        0
176
     1
 90
        4
176
     1
 62
     7
176
     1
 62
   257
176
     1
 90
        1
176
     1
 90
        1
176
     1
 40
1.0
176
     1
 90
        8
176
     1
 62
   257
176
     1
 40
1.0
176
     1
 90
        1
176
     1
 90
        6
176
     1
 90
        2
176
     1
 62
     8
420
  7895160
176
     1
 90
        3
176
     1
 90
        0
176
     1
 90
        0
176
     1
290
     0
176
     1
 90
        5
176
     1
 40
0.0
176
     1
 90
        0
176
     1
290
     0
176
     1
290
     1
176
     1
290
     1
176
     1
290
     0
176
     1
290
     0
176
     1
290
     0
176
     1
290
     0
176
     1
290
     0
176
     1
290
     0
176
     1
 90
       50
176
     1
 40
0.0
176
     1
 40
1.0
176
     1
 90
        0
176
     1
 62
    18
176
     1
 90
       50
176
     1
 90
        3
176
     1
 62
     5
420
      255
176
     1
290
     0
176
     1
 90
       50
176
     1
 90
       50
176
     1
 90
       50
176
     1
290
     0
176
     1
 90
       50
176
     1
 62
   256
176
     0
 40
1.0
176
     0
 90
        2
176
     1
  1
strokes_ogs.tif
176
     1
290
     0
176
     1
 40
1.0
176
     1
 40
1.0
176
     1
  0
VISUALSTYLE
  5
181
102
{ACAD_REACTORS
330
99
102
}
330
99
100
AcDbVisualStyle
  2
Shaded with edges
 70
    26
177
     3
291
     0
 70
    58
 90
        2
176
     1
 90
        2
176
     1
 90
        1
176
     1
 90
        2
176
     1
 40
0.6
176
     1
 40
30.0
176
     1
 62
     7
420
 16777215
176
     1
 90
        1
176
     1
 90
        2
176
     1
 62
     7
176
     1
 62
   257
176
     1
 90
        2
176
     1
 90
        1
176
     1
 40
1.0
176
     1
 90
        8
176
     1
 62
   257
176
     1
 40
1.0
176
     1
 90
        1
176
     1
 90
        6
176
     1
 90
        2
176
     1
 62
     7
176
     1
 90
        3
176
     1
 90
        0
176
     1
 90
        0
176
     1
290
     0
176
     1
 90
        5
176
     1
 40
0.0
176
     1
 90
        0
176
     1
290
     0
176
     1
290
     1
176
     1
290
     1
176
     1
290
     0
176
     1
290
     0
176
     1
290
     0
176
     1
290
     0
176
     1
290
     0
176
     1
290
     0
176
     1
 90
       50
176
     1
 40
0.0
176
     1
 40
1.0
176
     1
 90
        0
176
     1
 62
    18
176
     1
 90
       50
176
     1
 90
        3
176
     1
 62
     5
420
      255
176
     1
290
     0
176
     1
 90
       50
176
     1
 90
       50
176
     1
 90
       50
176
     1
290
     0
176
     1
 90
       50
176
     1
 62
   256
176
     0
 40
1.0
176
     0
 90
        2
176
     1
  1
strokes_ogs.tif
176
     1
290
     0
176
     1
 40
1.0
176
     1
 40
1.0
176
     1
  0
VISUALSTYLE
  5
17E
102
{ACAD_REACTORS
330
99
102
}
330
99
100
AcDbVisualStyle
  2
Shades of Gray
 70
    23
177
     3
291
     0
 70
    58
 90
        2
176
     1
 90
        2
176
     1
 90
        3
176
     1
 90
        0
176
     1
 40
0.6
176
     1
 40
30.0
176
     1
 62
     7
420
 16777215
176
     1
 90
        2
176
     1
 90
        2
176
     1
 62
     7
176
     1
 62
     7
176
     1
 90
        1
176
     1
 90
        1
176
     1
 40
40.0
176
     1
 90
        8
176
     1
 62
     7
176
     1
 40
1.0
176
     1
 90
        1
176
     1
 90
        6
176
     1
 90
        2
176
     1
 62
     7
176
     1
 90
        3
176
     1
 90
        0
176
     1
 90
        0
176
     1
290
     0
176
     1
 90
        1
176
     1
 40
0.0
176
     1
 90
        0
176
     1
290
     0
176
     1
290
     1
176
     1
290
     1
176
     1
290
     0
176
     1
290
     0
176
     1
290
     0
176
     1
290
     0
176
     1
290
     0
176
     1
290
     0
176
     1
 90
       50
176
     1
 40
0.0
176
     1
 40
1.0
176
     1
 90
        0
176
     1
 62
    18
176
     1
 90
       50
176
     1
 90
        3
176
     1
 62
     5
420
      255
176
     1
290
     0
176
     1
 90
       50
176
     1
 90
       50
176
     1
 90
       50
176
     1
290
     0
176
     1
 90
       50
176
     1
 62
   256
176
     0
 40
1.0
176
     0
 90
        2
176
     1
  1
strokes_ogs.tif
176
     1
290
     0
176
     1
 40
1.0
176
     1
 40
1.0
176
     1
  0
VISUALSTYLE
  5
17F
102
{ACAD_REACTORS
330
99
102
}
330
99
100
AcDbVisualStyle
  2
Sketchy
 70
    24
177
     3
291
     0
 70
    58
 90
        1
176
     1
 90
        2
176
     1
 90
        2
176
     1
 90
        0
176
     1
 40
0.6
176
     1
 40
30.0
176
     1
 62
     7
420
 16777215
176
     1
 90
        2
176
     1
 90
        2
176
     1
 62
     7
176
     1
 62
     7
176
     1
 90
        1
176
     1
 90
        1
176
     1
 40
40.0
176
     1
 90
       11
176
     1
 62
     7
176
     1
 40
1.0
176
     1
 90
        1
176
     1
 90
        6
176
     1
 90
        2
176
     1
 62
     7
176
     1
 90
        6
176
     1
 90
        0
176
     1
 90
        0
176
     1
290
     0
176
     1
 90
        1
176
     1
 40
0.0
176
     1
 90
        0
176
     1
290
     0
176
     1
290
     1
176
     1
290
     1
176
     1
290
     0
176
     1
290
     0
176
     1
290
     0
176
     1
290
     0
176
     1
290
     0
176
     1
290
     0
176
     1
 90
       50
176
     1
 40
0.0
176
     1
 40
1.0
176
     1
 90
        0
176
     1
 62
    18
176
     1
 90
       50
176
     1
 90
        3
176
     1
 62
     5
420
      255
176
     1
290
     0
176
     1
 90
       50
176
     1
 90
       50
176
     1
 90
       50
176
     1
290
     0
176
     1
 90
       50
176
     1
 62
   256
176
     0
 40
1.0
176
     0
 90
        2
176
     1
  1
strokes_ogs.tif
176
     1
290
     0
176
     1
 40
1.0
176
     1
 40
1.0
176
     1
  0
VISUALSTYLE
  5
A6
102
{ACAD_REACTORS
330
99
102
}
330
99
100
AcDbVisualStyle
  2
Thicken
 70
    13
177
     3
291
     1
 70
    58
 90
        2
176
     1
 90
        2
176
     1
 90
        1
176
     1
 90
        0
176
     1
 40
0.6
176
     1
 40
30.0
176
     1
 62
     7
420
 16777215
176
     1
 90
        1
176
     1
 90
        4
176
     1
 62
     7
176
     1
 62
   257
176
     1
 90
        1
176
     1
 90
        1
176
     1
 40
1.0
176
     1
 90
       12
176
     1
 62
     7
176
     1
 40
1.0
176
     1
 90
        1
176
     1
 90
        6
176
     1
 90
        2
176
     1
 62
     7
176
     1
 90
        5
176
     1
 90
        0
176
     1
 90
        0
176
     1
290
     0
176
     1
 90
        1
176
     1
 40
0.0
176
     1
 90
        0
176
     1
290
     0
176
     1
290
     1
176
     1
290
     1
176
     1
290
     0
176
     1
290
     0
176
     1
290
     0
176
     1
290
     0
176
     1
290
     0
176
     1
290
     0
176
     1
 90
       50
176
     1
 40
0.0
176
     1
 40
1.0
176
     1
 90
        0
176
     1
 62
    18
176
     1
 90
       50
176
     1
 90
        3
176
     1
 62
     5
420
      255
176
     1
290
     0
176
     1
 90
       50
176
     1
 90
       50
176
     1
 90
       50
176
     1
290
     0
176
     1
 90
       50
176
     1
 62
   256
176
     0
 40
1.0
176
     0
 90
        2
176
     1
  1
strokes_ogs.tif
176
     1
290
     0
176
     1
 40
1.0
176
     1
 40
1.0
176
     1
  0
VISUALSTYLE
  5
A0
102
{ACAD_REACTORS
330
99
102
}
330
99
100
AcDbVisualStyle
  2
Wireframe
 70
     5
177
     3
291
     0
 70
    58
 90
        0
176
     1
 90
        2
176
     1
 90
        0
176
     1
 90
        0
176
     1
 40
0.6
176
     1
 40
30.0
176
     1
 62
     7
420
 16777215
176
     1
 90
        1
176
     1
 90
        4
176
     1
 62
     7
176
     1
 62
   257
176
     1
 90
        1
176
     1
 90
        1
176
     1
 40
1.0
176
     1
 90
        0
176
     1
 62
   257
176
     1
 40
1.0
176
     1
 90
        1
176
     1
 90
        6
176
     1
 90
        2
176
     1
 62
     7
176
     1
 90
        3
176
     1
 90
        0
176
     1
 90
        0
176
     1
290
     0
176
     1
 90
        1
176
     1
 40
0.0
176
     1
 90
        0
176
     1
290
     0
176
     1
290
     1
176
     1
290
     1
176
     1
290
     0
176
     1
290
     0
176
     1
290
     0
176
     1
290
     0
176
     1
290
     0
176
     1
290
     0
176
     1
 90
       50
176
     1
 40
0.0
176
     1
 40
1.0
176
     1
 90
        0
176
     1
 62
    18
176
     1
 90
       50
176
     1
 90
        3
176
     1
 62
     5
420
      255
176
     1
290
     0
176
     1
 90
       50
176
     1
 90
       50
176
     1
 90
       50
176
     1
290
     0
176
     1
 90
       50
176
     1
 62
   256
176
     0
 40
1.0
176
     0
 90
        2
176
     1
  1
strokes_ogs.tif
176
     1
290
     0
176
     1
 40
1.0
176
     1
 40
1.0
176
     1
  0
VISUALSTYLE
  5
180
102
{ACAD_REACTORS
330
99
102
}
330
99
100
AcDbVisualStyle
  2
X-Ray
 70
    25
177
     3
291
     0
 70
    58
 90
        2
176
     1
 90
        2
176
     1
 90
        1
176
     1
 90
        1
176
     1
 40
0.5
176
     1
 40
30.0
176
     1
 62
     7
420
 16777215
176
     1
 90
        1
176
     1
 90
        0
176
     1
 62
     7
176
     1
 62
   257
176
     1
 90
        1
176
     1
 90
        1
176
     1
 40
1.0
176
     1
 90
        8
176
     1
 62
     7
176
     1
 40
1.0
176
     1
 90
        1
176
     1
 90
        6
176
     1
 90
        2
176
     1
 62
     7
176
     1
 90
        3
176
     1
 90
        0
176
     1
 90
        0
176
     1
290
     0
176
     1
 90
       13
176
     1
 40
0.0
176
     1
 90
        0
176
     1
290
     0
176
     1
290
     1
176
     1
290
     1
176
     1
290
     0
176
     1
290
     0
176
     1
290
     0
176
     1
290
     0
176
     1
290
     0
176
     1
290
     0
176
     1
 90
       50
176
     1
 40
0.0
176
     1
 40
1.0
176
     1
 90
        0
176
     1
 62
    18
176
     1
 90
       50
176
     1
 90
        3
176
     1
 62
     5
420
      255
176
     1
290
     0
176
     1
 90
       50
176
     1
 90
       50
176
     1
 90
       50
176
     1
290
     0
176
     1
 90
       50
176
     1
 62
   256
176
     0
 40
1.0
176
     0
 90
        2
176
     1
  1
strokes_ogs.tif
176
     1
290
     0
176
     1
 40
1.0
176
     1
 40
1.0
176
     1
  0
DICTIONARYVAR
  5
2BD
102
{ACAD_REACTORS
330
2BC
102
}
330
2BC
100
DictionaryVariables
280
     0
  1
1
  0
DICTIONARYVAR
  5
2BE
102
{ACAD_REACTORS
330
2BC
102
}
330
2BC
100
DictionaryVariables
280
     0
  1
500.000000
  0
DICTIONARYVAR
  5
2BF
102
{ACAD_REACTORS
330
2BC
102
}
330
2BC
100
DictionaryVariables
280
     0
  1
1
  0
DICTIONARYVAR
  5
2C0
102
{ACAD_REACTORS
330
2BC
102
}
330
2BC
100
DictionaryVariables
280
     0
  1
1
  0
DICTIONARYVAR
  5
2C1
102
{ACAD_REACTORS
330
2BC
102
}
330
2BC
100
DictionaryVariables
280
     0
  1
1:1
  0
DICTIONARYVAR
  5
2C2
102
{ACAD_REACTORS
330
2BC
102
}
330
2BC
100
DictionaryVariables
280
     0
  1
STANDARD
  0
DICTIONARYVAR
  5
2C3
102
{ACAD_REACTORS
330
2BC
102
}
330
2BC
100
DictionaryVariables
280
     0
  1
STANDARD
  0
DICTIONARYVAR
  5
2C4
102
{ACAD_REACTORS
330
2BC
102
}
330
2BC
100
DictionaryVariables
280
     0
  1
Imperial24
  0
DICTIONARYVAR
  5
2C5
102
{ACAD_REACTORS
330
2BC
102
}
330
2BC
100
DictionaryVariables
280
     0
  1
Imperial24
  0
DICTIONARYVAR
  5
2C6
102
{ACAD_REACTORS
330
2BC
102
}
330
2BC
100
DictionaryVariables
280
     0
  1
0
  0
DICTIONARYVAR
  5
2C7
102
{ACAD_REACTORS
330
2BC
102
}
330
2BC
100
DictionaryVariables
280
     0
  1
0
  0
DICTIONARYVAR
  5
2C8
102
{ACAD_REACTORS
330
2BC
102
}
330
2BC
100
DictionaryVariables
280
     0
  1
1
  0
DICTIONARYVAR
  5
2C9
102
{ACAD_REACTORS
330
2BC
102
}
330
2BC
100
DictionaryVariables
280
     0
  1
BYLAYER
  0
DICTIONARYVAR
  5
2CA
102
{ACAD_REACTORS
330
2BC
102
}
330
2BC
100
DictionaryVariables
280
     0
  1
0
  0
DICTIONARYVAR
  5
2CB
102
{ACAD_REACTORS
330
2BC
102
}
330
2BC
100
DictionaryVariables
280
     0
  1
HATCH
  0
DICTIONARYVAR
  5
2CC
102
{ACAD_REACTORS
330
2BC
102
}
330
2BC
100
DictionaryVariables
280
     0
  1
ByLayer
  0
DICTIONARYVAR
  5
2CD
102
{ACAD_REACTORS
330
2BC
102
}
330
2BC
100
DictionaryVariables
280
     0
  1
0
  0
DICTIONARYVAR
  5
2CE
102
{ACAD_REACTORS
330
2BC
102
}
330
2BC
100
DictionaryVariables
280
     0
  1
0
  0
DICTIONARYVAR
  5
2CF
102
{ACAD_REACTORS
330
2BC
102
}
330
2BC
100
DictionaryVariables
280
     0
  1
2
  0
DICTIONARYVAR
  5
2D0
102
{ACAD_REACTORS
330
2BC
102
}
330
2BC
100
DictionaryVariables
280
     0
  1
1.000000
  0
DICTIONARYVAR
  5
2D1
102
{ACAD_REACTORS
330
2BC
102
}
330
2BC
100
DictionaryVariables
280
     0
  1
1
  0
DICTIONARYVAR
  5
2D2
102
{ACAD_REACTORS
330
2BC
102
}
330
2BC
100
DictionaryVariables
280
     0
  1
1
  0
DICTIONARYVAR
  5
2D3
102
{ACAD_REACTORS
330
2BC
102
}
330
2BC
100
DictionaryVariables
280
     0
  1
0
  0
XRECORD
  5
2B7
102
{ACAD_REACTORS
330
266
102
}
330
266
100
AcDbXrecord
280
     1
160
        1789477041
 70
  1214
  1
13.9.628.0
  1
C3D_628_20260228_0612
  1
Autodesk Civil 3D
  1
628_20260228_0612
  1
ACAD-A101:409
  0
XRECORD
  5
A4C
102
{ACAD_REACTORS
330
266
102
}
330
266
100
AcDbXrecord
280
     1
160
        1789657334
 70
  1214
  1
13.9.628.0
  1
C3D_628_20260228_0612
  1
Autodesk Civil 3D
  1
628_20260228_0612
  1
ACAD-A101:409
  0
DICTIONARY
  5
194
330
22
100
AcDbDictionary
280
     1
281
     1
  0
DICTIONARY
  5
188
330
97
100
AcDbDictionary
280
     1
281
     1
  3
FBXASSET
360
189
  0
DICTIONARY
  5
186
330
96
100
AcDbDictionary
280
     1
281
     1
  3
FBXASSET
360
187
  0
DICTIONARY
  5
110
330
98
100
AcDbDictionary
280
     1
281
     1
  3
BUMPTILE
360
112
  3
DIFFUSETILE
360
111
  3
FBXASSET
360
18A
  3
OPACITYTILE
360
113
  3
REFLECTIONTILE
360
114
  0
DICTIONARY
  5
104
330
87
100
AcDbDictionary
280
     1
281
     1
  3
ACAD_ROUNDTRIP_2008_TABLESTYLE_CELLSTYLEMAP
360
A54
  0
XRECORD
  5
189
102
{ACAD_REACTORS
330
188
102
}
330
188
100
AcDbXrecord
280
     1
 70
     1
 90
429727718
  1
508B35C9-AEE7-456F-BE74-D52651303AC6
310
504B03040A0000080000B670623B3DEE336E79000000790000001B0000006175746F6465736B2D64657369676E2D7061636B6167652E786D6C3C3F786D6C2076657273696F6E3D22312E302220656E636F64696E673D227574662D3822203F3E3C666F726D6174733E3C666F726D61743E687474703A2F2F736368656D612E
310
6175746F6465736B2E636F6D2F64657369676E2D7061636B6167652F323030393C2F666F726D61743E3C2F666F726D6174733E504B0304140006080800B670623BD486FD9CA0000000F4000000130000005B436F6E74656E745F54797065735D2E786D6C7D8EC10E82300C865F65E91D8A1E8C310C0EEA1BF002731658846E
310
D98AC1B77784ABF1D8FE5FBFBF75BBCE937A534CCEB38643598122B6FEE978D0B0485F9C41B54DDD7D022595594E1A469170414C76A4D9A4D207E29CF43ECE46F218070CC6BECC4078ACAA135ACF422C856C0E68EA1BF5669944DDD7BCDE7B1F8E415D77AECB980613C2E4AC91FC167A2B244592486606FC29C8FD7F045B9A
310
EF7053A7E60B504B0304140006080800B670623B28ED286BEB0000007C01000008000000636F72652E786D6C8D90416EC3201045AF82665B6183218D6D61A254764FD00B204C5C94182C03558F5F9C3852BBEB6A467FFE9B197D71FA9E6FE8CBACC17AD7012D0820E3B41FAD9B3A48F1826B40272956EFE32F1B20A766D3C1
310
268314D3EAD3B24BDABB685CCCAAF3A3D94515828980F42D371D04FD696655A814B3235C8B45E9AB9A4C419F5D8653B2237A1CB163DE672FD6AC209BF3C08E0D1B30EB19C3FC9D72FCC6EB231EFA33EDE96BDD341517E5064B11EDFCBCAF57A3A2194156843498524CAA0FCA5B7268F9E185D42D21A2DCEC7FA0B48CFF8492
310
759155FBBB0F2C80A4F991FB408A72CB22977B50B96EB9C91F504B0304140006080800B670623B55019EA25F0000007C00000007000000636E782E786D6C4DCB3B0E80201045D1AD90E915ED2CF8AC45050C11660C8261F98AB1B07AC9C97D42D718D865D3E909258CFD00CCE24AC6E326A164D74DC0B4128928FF32603847
310
2BA13128B1252AC747C6BAB984FC68F0B87FE8960A5C09FE86CFB69FBA01504B0304140006080800B670623B7BC41AC871010000D40300000C0000006662782F636F72652E786D6CC553ED6E8320147D15C2DF4501B56B6D90A64BBB27D80B50A5CE54C120983EFEAE1F4DD7A56BBA5FF3879273EEE59E7310BE393735EA95
310
ED2AA333CC428A91D2B9292A5D66D8BB63B0C26823B835C67D2BC348CB46657880B1E0A535BE9DA1DC68A7B403549B42CDA0EC3AE530CA6B5864B8CB3F552343E91D5474A7B095F949962A6421D0502778E72C0840D390E18DC5F170E664C205F7BE2A66B62A605A75AC94C522DDEEE3651AEF837817C741F2CE92E02D592D
310
83FD6ECB76EC7595A651C2C9D02CB8AB9A8BBADC2AE954814544691A3016D0E883256BBA58278B17BA5A53CAC9507ED3E4DBE2C9265F691747B3DCA9ADC382819091F8E1162272A8933DE82182932144F88C09DF060D8140C84E1EEA8B8F1340BDCA9DB1093085F157AA97B557309586747CD0EF0B4EA64E983A6E0EAEEFCE
310
889E9EF17847386AA94B30211D2C0FDE0D3AF9A4610EAD5536E8DD1969631B593F67E381C33F5157F17725E5A636F6BF1491F980C8FC7B90E13E8A2F504B0304140006080800B670623B70102A487D0000009D0000000B0000006662782F636E782E786D6C4DCCD10A83201886E15B91FFDC95A5C30335ACCDFB886521330D
310
A76397BF1A1DECE883878F57749FD5A3B74D2F17830472A901D9F088930B8B849267CC01754AA418F3DF0D5018572BE160506249B16C274D761E8BCFBB7A179E27F65CB39A0F14D396184C9921B81F34C3ACA1B4B99ABB6E6F062A25AA5F69DF23ACBE504B0304140006080800B670623B3610CA3329010000120200003100
310
00006662782F42384135303843342D343331462D343546312D424341352D3532343432364645413344462F636F72652E786D6C8D515B6EC32010BC0AE22B55850D0E446E848992B43E412FE000495162B07854397EA176A4F62F3F2C9A9D991D58BEBB8F37F0AD7D30CE76905418026DA553C65E3A98E219B510EC04F7CEC5
310
3F3408EC30EA0E16180A7EF12E4D0B249D8DDAC68C5AA7F4020E21E80881BCE54B0783FCD2E3500D296646B856D320AFC34557A4CAEDCC133C449F0380794839A138B47B86DB2345744D7A44594FD0E1B867883594369BFE63BF7EEF793D0B054FC9A8456E548E63CE46FB674D8A58F068C6477CE9F510B582A2C1F80D1182
310
70F349E816B32D65AFB8DD62CCEB42FF274A937A52948C8DEB66893BCB021484D7734370E5D2E9F608A3EF93F3119479ABA0E50B14B8C298119A43CCC4FCFCECB8A18B6388CEE7EF5D5D4F994BD86CBBA182D76543B9FCAE2FD7B24DF103504B0304140006080800B670623B1B8617914E0100003303000030000000666278
310
2F42384135303843342D343331462D343546312D424341352D3532343432364645413344462F636E782E786D6CD593C16EC32010447F0571AD6CE3D489D20813A9877E410FBD62D82434182CC055F3F75D1292E692438FBD206B7698593D61BEFD1E2DF982108D773D6D6B460938E5B571FB9ECE6957AD29D90A1EBC4F7736
310
4A9C1CA1A759A682EF839FA72269D8C9D92654AD71C72206887E0E0A22CAF926B15E498B01E0AA19451807D01A34B919F16B070157417138917400F2F6FA41FCF0092A45DEE414C19BDC21783E4BD39D891265658C3D8DEA00A3ACE59CBC8678ACB54CB26EEB6BD7839D7E9348BE70AD9C8321B9BCA7F9A4A26C542347DEE0
310
50F09802D22BA6749A800A394DD62899107273365E3C82CFC6A55557BC06C10774B7ABE7AEC3B0F34CF06446280E154026D0542C187BA9DAB6628BF7B6DBB0E5A65B3EB1F58631DE64BBE083F7B65CC218087E22CABB042E51D1F2268F1FE12B3EA24D40D63E9CFE00120194D60B9D5BC67FE6D39CDF37E20AF817881F504B
310
0304140006080800B670623BBFEF2E3B690500003C100000340000006662782F42384135303843342D343331462D343546312D424341352D3532343432364645413344462F6F626A656374732E786D6CAD575D739B3814FD2B0CFB0C98D84E931D4227B6938EA793B6534F3BFB90198F0099B001899144EAECAFDF231018B0
310
D37A3FFC609090EEE7B94757C1FB7D915B2F54C88CB31BDB7727B64559CC938CA53776A576CE956DBD0F03C1B9EA2DB32D460A7A63EB693B0C52C1ABD24C257447AA5C8D66EF177F5832A68CDA569C13296F6C193FD182B8A4523CA1F2D94D88226EBADBBBBEDB2C1C8A4D05299F46424B222853B014F30C52ACC6287F389C
310
D85E1878FA7B18E87FB36AFAF62AAFF667A83F635211161F291B8999FAB3D5DDC5FCDA99CF6653677679E13B8BFBC5CAF1DF4D27CBCBE5F2FAF6EE1A8AA51290642C117467871F101B91C581D77CEA2C36869F3229E68CD1B8F61F1ED6361B89092D294B90C78C4A68EB793D190E7D1D9BDEE7A91E1B95FDE9F3BCEAEFE809
310
6A6D6F9F7D4B79F4275C90E7A04248AA51D5C4C738DAE06F72885AC4796EBE65D22A88A22223B995679120E2D50EB1542F098381188D4EA111AE3DB043FF20AF6F2B4AE3D7D83D65E5AECA730D4D3BAC91BD05FEA992B565D95F549CD6069B90AB2A63EACA38A45E4B6A87D781574F86817E4C2FCCC72690D62E2729520E37
310
9BAF234797BAF6D62B3BFC781FED37BA1E4F2B2F052FA9501A3E80569BB8F6A9A364D4FA67654E6F803383981F82F21591FF84F23D9882BC896C3FDBCF8C162508933B2E0AE4C69DD43F6BD2BE38DDDBF10BF86CB4FA784D37F3AF16075E67EC9030DECA1FC0A55373F5DFF3378C591FA9BDF485C10B0A8C8BA909E5262639
310
A8E72163488806A595734C81CB77D1DE0ED7604A303B76913CEC0272F412782FF88EFF4636D8AA56DF7B322474C4B767303F625997056C7B032C473C592B36CEBD15F3F9FF5233B7ABCDC74D257624A60F8658567497B14CE1EC3C80B76FD02011038F9EE9EB0F2E12387A9C844D3F09855125116D1D731DF8B43D2CF4E0A0
310
79A020C6BE946BCE0B7EA1E1219331CD73C228AF5A2DDD31A4B1DA918CE91350854D40A71723140BFA92E94E62B0626016CEFA5864A50E5977E8753CEDBEE1CBB7F52780D20E17AF0BA0F5F9B02A3AD07DCC732EB6D1EBB661421BE0C39E21BABF0FE16D22EA6929407C8DE596724C88B749B6DB5512BC7B228ADFD7CB7EA6
310
3A22397E690BA8D5D8D4E40CEC8CDA23C2C0B7D5898640101CEC9C6D331CE328CB93CAFBBAC70A642DF70DF95155945B52F08AA973C23469FD69ADEF84F7BB18F983A8F8C90E37F5D35980B2139A1C523540813E824EF83448CF7C72B598CE97D7CEEDDDDD3B6736BFBC771677EF66CE6A7E7139F7A793E9EDF2B2B3A8B624
310
0CDA13AA5F8388264EC4A0129909F3B7F5A16CEDF08128E97D680ACA4B9BE7B7B58BB638F0B00700EF36AE8B32A705658A68F83EE897FC2B41573190D1CCAF0B92D233A47CFEB019D9809933F67DD1A5467F8CF69AD9A5AE859342D45355448C64F968A371DC2D596ADC6E43D93D1B466F877A64E2893E54F23C4B40388995
310
525E5005DA3983ED45412510D3EFCA13737B3863F74BD30F2A12E5B4B5E489A025CE25500DB855B11ACE5BBFA185D35DD48D8DC3CE7DC69F2944DB42AA6F6CF09BCA622ADD08C7A36E7C6AE18000BAB08E040135C2D21C9D75B3A91B77BB746C403F38018DFE6EC939DD92F16B40BC05294B9CDA035AAD6D330AE27FE4786B
310
8E45145EA34A75BE1C263A676A35A8ACC6297337400BF16C54EF515F3F77CB77EB3583889C754FFA29081AA98E2222ADEF05DA3E63D2EDEA8B8756C05A7FB6CABC4A91CBF325398202CC952E70A008A830324BA200D5E5EF8F5F04C75DB4B0EE3340E071C98B823333B83577596BF3849B69F2085AA0FAFA212F26BEFF5877
310
FDE622B28D88A42E49E43326DA82D31E8CB006401E1DA726059ECEC168F97A6599036306A135688F9AD2E61A6EA178F4CD51974A9F2CCB9F36FE5EBD14601068D9C3BF01504B0304140006080000B670623B000000000000000000000000350000006662782F42384135303843342D343331462D343546312D424341352D35
310
32343432364645413344462F76657274696365732E62696E504B0304140006080800B670623BF270F1330600000004000000360000006662782F42384135303843342D343331462D343546312D424341352D3532343432364645413344462F747269616E676C65732E62696E636660600000504B0304140006080000B67062
310
3B000000000000000000000000370000006662782F42384135303843342D343331462D343546312D424341352D3532343432364645413344462F617474726962757465732E62696E504B0304140006080800B670623B08DA0BD19000000041010000360000006662782F42384135303843342D343331462D343546312D4243
310
41352D3532343432364645413344462F6469726563746F72792E786D6C858F410AC3201045AF22B36F53E9A60B35CBEEBAE80D244E44489C6234F4F835464A48035D0DF398FF9F8AF63D0E6CC63039F212F8F9020C7D47C6792B21C5FE7403D62A1188E2E60C98D7234A5830286103A55745067B9D86B8A3CF9C7F90C11DE6
310
07FB144396D7B6A82D282E9A152AD114D5EF2CB866EEE831B8EEA07A7BB5A8D7D61A2BAAEB7FD5F70921FF497D00504B0304140006080800B670623B3B4606F3FE000000A00100003B0000006662782F42384135303843342D343331462D343546312D424341352D3532343432364645413344462F7265736F75726365732F
310
636F72652E786D6C8D504B6E833010BD0A9A6D65B08134808CA354A427E8052C332156828DFCA97AFC9A40A576D7CDCCE87D344F8F9FBEE647F689CE6B6B7A6039850C8DB2A336530F315C4903D94970676DF82583CCC8197B5861107C72362E3BA4AC096842428D1D7107A5F71820538F74F4E0D50D6799CB1892C2DFF345
310
AABB9C306779A2934E701F5C0A906D4FD609C2A1B7D129F4BCD858C163D4E3AED163FAA9AF1A1D88F67CA98E6D35906AA82A52BFB39ABCD5CD915C86331BD86BD3B665CD8BD52C78D0F34F46E550061C419494B6843142CB0F5677F4D0D58717DA7494F26295FF31C565FCA7296A13AA728FBBD93C0896823C09C18BB5AFB4
310
9E65A6BD762BBE01504B010214000A0000080000B670623B3DEE336E79000000790000001B00000000000000000000000000000000006175746F6465736B2D64657369676E2D7061636B6167652E786D6C504B01021400140006080800B670623BD486FD9CA0000000F40000001300000000000000000000000000B2000000
310
5B436F6E74656E745F54797065735D2E786D6C504B01021400140006080800B670623B28ED286BEB0000007C010000080000000000000000000000000083010000636F72652E786D6C504B01021400140006080800B670623B55019EA25F0000007C000000070000000000000000000000000094020000636E782E786D6C50
310
4B01021400140006080800B670623B7BC41AC871010000D40300000C00000000000000000000000000180300006662782F636F72652E786D6C504B01021400140006080800B670623B70102A487D0000009D0000000B00000000000000000000000000B30400006662782F636E782E786D6C504B01021400140006080800B6
310
70623B3610CA3329010000120200003100000000000000000000000000590500006662782F42384135303843342D343331462D343546312D424341352D3532343432364645413344462F636F72652E786D6C504B01021400140006080800B670623B1B8617914E010000330300003000000000000000000000000000D10600
310
006662782F42384135303843342D343331462D343546312D424341352D3532343432364645413344462F636E782E786D6C504B01021400140006080800B670623BBFEF2E3B690500003C10000034000000000000000000000000006D0800006662782F42384135303843342D343331462D343546312D424341352D35323434
310
32364645413344462F6F626A656374732E786D6C504B01021400140006080000B670623B0000000000000000000000003500000000000000000000000000280E00006662782F42384135303843342D343331462D343546312D424341352D3532343432364645413344462F76657274696365732E62696E504B010214001400
310
06080800B670623BF270F133060000000400000036000000000000000000000000007B0E00006662782F42384135303843342D343331462D343546312D424341352D3532343432364645413344462F747269616E676C65732E62696E504B01021400140006080000B670623B00000000000000000000000037000000000000
310
00000000000000D50E00006662782F42384135303843342D343331462D343546312D424341352D3532343432364645413344462F617474726962757465732E62696E504B01021400140006080800B670623B08DA0BD1900000004101000036000000000000000000000000002A0F00006662782F42384135303843342D3433
310
31462D343546312D424341352D3532343432364645413344462F6469726563746F72792E786D6C504B01021400140006080800B670623B3B4606F3FE000000A00100003B000000000000000000000000000E1000006662782F42384135303843342D343331462D343546312D424341352D3532343432364645413344462F72
310
65736F75726365732F636F72652E786D6C504B0506000000000E000E0080040000651100000000
  0
XRECORD
  5
187
102
{ACAD_REACTORS
330
186
102
}
330
186
100
AcDbXrecord
280
     1
 70
     1
 90
429727718
  1
887D55A9-D0DD-414E-B741-A7DCD4DA2B4C
310
504B03040A0000080000B670623B3DEE336E79000000790000001B0000006175746F6465736B2D64657369676E2D7061636B6167652E786D6C3C3F786D6C2076657273696F6E3D22312E302220656E636F64696E673D227574662D3822203F3E3C666F726D6174733E3C666F726D61743E687474703A2F2F736368656D612E
310
6175746F6465736B2E636F6D2F64657369676E2D7061636B6167652F323030393C2F666F726D61743E3C2F666F726D6174733E504B0304140006080800B670623BD486FD9CA0000000F4000000130000005B436F6E74656E745F54797065735D2E786D6C7D8EC10E82300C865F65E91D8A1E8C310C0EEA1BF002731658846E
310
D98AC1B77784ABF1D8FE5FBFBF75BBCE937A534CCEB38643598122B6FEE978D0B0485F9C41B54DDD7D022595594E1A469170414C76A4D9A4D207E29CF43ECE46F218070CC6BECC4078ACAA135ACF422C856C0E68EA1BF5669944DDD7BCDE7B1F8E415D77AECB980613C2E4AC91FC167A2B244592486606FC29C8FD7F045B9A
310
EF7053A7E60B504B0304140006080800B670623BBC1638F5EC0000007C01000008000000636F72652E786D6C8D90416EC3201045AF82665B61836BE2D8C24471DB9CA01740401C94182C03558F5F9C3852BBEB6A467FFE9B197D7EF89E6EE8CB2CC17AD7032D0820E394D7D68D3DA478C67B4007C117EFE32F1B202727D3C3
310
2A83E0E3E2D3BC49CABB685CCCAAF3DA6CA20CC14440EA969B1E82BA98491632C5EC08D76296EA2A4753D06797E194AC468F2356E77DF66CCD02825543D50CACC62D39ED70FDC68EB8FD68F6F8787A6784342D1DDA1D2F5758F068A7E77DB518198D065111D2624A31A93E69DD11D6D5EC85EC3B4278B9DAFF4069D6FF8492
310
75F1B5DADE7D600104CD8FDC0782976B16B9DC83CA75CD4DFC00504B0304140006080800B670623B55019EA25F0000007C00000007000000636E782E786D6C4DCB3B0E80201045D1AD90E915ED2CF8AC45050C11660C8261F98AB1B07AC9C97D42D718D865D3E909258CFD00CCE24AC6E326A164D74DC0B4128928FF326038
310
472BA13128B1252AC747C6BAB984FC68F0B87FE8960A5C09FE86CFB69FBA01504B0304140006080800B670623B3586FFB671010000D40300000C0000006662782F636F72652E786D6CC553ED6E8320147D15C2DF4541A76D6D90A6DDD627D80B50A4CE54C120983EFEAE1F4DD7A55BBA5FF3879273EEE59E7310B6393735EA
310
95ED2AA3731C851423A5A5292A5DE6D8BB63B0C268C39935C67D29C3488B46E578803167A535BE9D2169B453DA01AA4DA16650749D7218C91A1639EEE4876A4428BC838AEE14B6429E44A9C228041AEA38EB9C0501681A32BC313F1ECE8C4C3867DE57C5CC56054CAB8E95B298A7F12E5EEED224C8E87E11242FE936C8DE96
310
AB60BB7F4D295D66D12E5B30323473E6AAE6A24E5A259C2A308F29CD82280A68FC1E256B9AAE93F489AED694323294DF34F9B678B0C957DA3DC7B3DCA9ADC33C022123F1CD2D44E450277AD04338234388F01913BE0D1A0281909D38D4171F27807A259DB1093085F157AA17B557309586747CD0CF0B46A64E983A6E0EAEEF
310
CE881F9EF1FB8E70D44297604238581EBC1B74B249C31C5AAB6CD0BB33D2C636A27ECCC62F0EFF445DC5DF95244D6DEC7F2922F30191F9F720C37DE49F504B0304140006080800B670623B4220A0FF7D0000009D0000000B0000006662782F636E782E786D6C4DCCD10A83201886E15B91FFDCE542CB0335D0EC3E6259C84A
310
C3E9D8E5AF46073BFAE0E1E315DD675BD1DBA5978F41C2FD4600B9F088930F8B849267CC01754AA418F3DF0D50183727E164506249B1EC174D6E1ECB9A0F5D7D785E68DB8151CD286E5A5363CA6B8A39E90D36D40E96B086F55A43A544F52B1D7B86D517504B0304140006080800B670623B2FA3FEDE290100001202000031
310
0000006662782F45374635344235342D363743322D343832342D383044432D4334454645303536354442422F636F72652E786D6C8D515B6EC32010BC0AE22B55850D2E386E848994D7097A0117488A1283C5A3CAF10BB523B57FF961D1ECCCECC0F2ED7DBC816FED8371B687A4C210682B9D32F6D2C314CFA883602BB8772E
310
FEA141608751F7B0C050F08B77695A20E96CD43666D43AA5177008414708E42D5F7A18E4971E876A483133C2B59A06791D2EBA22556E679EE021FA1C00CC43CA09C5717D6274C7286AD7FB06D1AEA1A8C3873DDAD3E3E98859CB0EBB1DAF67A1E02919B5C88DCA71CCD968FFAC49110B1ECDF8882FBD1EA256503418BF2342
310
106E3E08DD60B6A1EC15771B8C795DE8FF4469524F8A92B1F1AD59E2CEB20005E1F5DC105CB9F4797B84D1F7C9F908CABC55D0F2050A5C61CC1AD2F27A26E6E767C7962E8E213A9FBF7775FDCC5CC266DB960A5E970DE5F2BBBE5CCB36C50F504B0304140006080800B670623B1B8617914E01000033030000300000006662
310
782F45374635344235342D363743322D343832342D383044432D4334454645303536354442422F636E782E786D6CD593C16EC32010447F0571AD6CE3D489D20813A9877E410FBD62D82434182CC055F3F75D1292E692438FBD206B7698593D61BEFD1E2DF982108D773D6D6B460938E5B571FB9ECE6957AD29D90A1EBC4F77
310
364A9C1CA1A759A682EF839FA72269D8C9D92654AD71C72206887E0E0A22CAF926B15E498B01E0AA19451807D01A34B919F16B070157417138917400F2F6FA41FCF0092A45DEE414C19BDC21783E4BD39D891265658C3D8DEA00A3ACE59CBC8678ACB54CB26EEB6BD7839D7E9348BE70AD9C8321B9BCA7F9A4A26C542347DE
310
E050F09802D22BA6749A800A394DD62899107273365E3C82CFC6A55557BC06C10774B7ABE7AEC3B0F34CF06446280E154026D0542C187BA9DAB6628BF7B6DBB0E5A65B3EB1F58631DE64BBE083F7B65CC218087E22CABB042E51D1F2268F1FE12B3EA24D40D63E9CFE00120194D60B9D5BC67FE6D39CDF37E20AF817881F50
310
4B0304140006080800B670623B29652116630500003C100000340000006662782F45374635344235342D363743322D343832342D383044432D4334454645303536354442422F6F626A656374732E786D6CAD575D739B3814FD2B0CFB0C989834C90EA1639B24E3E9A6EDD4D3CE3E64C623834CD8006224913AFDF57B040203
310
B65BEF871F0C12D2FD3CF7E8CA7FBFCB33E3957291B2E2D674ED8969D02262715A24B76625B7D6B569BC0F7CCE98EC2D338D82E4F4D654D366E0279C55A59E8AE99654991CCDDECFFF3444440B6A1A514684B83545F44C7362934AB2988A173B2692D8C97667BB76B3702836E1A47C1E092D09A78584A5982F20C5688C7287
310
C389E904BEA3BE07BEFAD7ABA6A75739B53F43FD69212429A20365233153D70BEF2E2E6FAC4BCF9B5ADEBB0BD79ADFCF43CBBD9A4E16EF168B9BD9DD0D140BC921495BC2E9D60C1E101B9E46BED37CEA2CD6861F3329624541A3DA7F7858DBAC25C6B4A4458C3CA654405BCFEBC970E8AAD8F43E4FD558ABEC4F9FE7557F47
310
4F506B7BFBEC5BCA367FC105710E2AB8A00A554D7CB4A30DFE26FBA86D18CBF4B75418399194A72433B274C3097F33032C554B027F2046A1932B842B0FCCC0DDCBEBDB8AD2F835768F59B9ADB24C41D30C6A64AF817F2A456D59FA83F2E3DA60137255A585BCD60EC9B7929AC18DEFD49381AF1ED30BFDB109A4B1CD488294
310
C3CDE6EBC8D185AABD6568061FEE37BB95AAC7E3CA4BCE4ACAA5820FA0D526AE7DAA2869B5EE5999531BE0CC20E6FBA07C41E43FA27CF7A6206F3CDD793B4F6B919C1462CB788EDCD893FA674CDA17AB7B3B7C019F8D561FAEE966FED562DFE98C1D12C6A9FC015C2A35D7FF3D7FC398F591DA4B5FE0BFA2C0189FEA50AE22
310
92817A1ED3020951A03432862970F976B33383259812CC8E5D240BBA801CBCF8CE2BBEE3BF910DB6AAD5F79E05123AE2DB33981FB1ACCB02B69D00CB014FD68AB573A7627EF9BFD4CC2C5C7D58557C4B22FAA88925A4DBB44825CECE3D78FB060D1231F0E885BE7D673C86A3874958F593906B5502D1563157814FDAC3420D
310
F69A070A22EC4B98E23CFF171A1E5311D12C23056555ABA53B8614563B92D17D02AAB009E8F46284624E5F53D5490C560CCCC2591FF1B45421EB0EBD8EA7ED13BE7C5D7E0428CD60FEF60779EB13E6664FF711CB185F6FDED60D139A001FF60CD1FD6D086F1D51474901E26B2CB794A343BC8ED3EDB612E0DD2351FCB65CF4
310
33D511C9E14B5B40ADC6A6263DB0336A8F700DDF56271A024E70B0B3629DE21847591E55DED73D56206AB927E46FAABC5C939C55853C274C93D69FD6FA4E78BF8B11DF898C9ECD60553FAD39283BA6F18984AA23E8884F83F45C5F5F859797B31B2B9C84A1E5B9DE9D35BFF25C6B76152E422F9C5DCC3D847F5801ED09D5AF
310
41441327A25FF15487F9EB725FB666F048A4701E9A827292E6F97569A32DF61DEC01C0BB8DCBBCCC684E0B49147C1FD54BF685A0AB18C868E6973949E819523E3DAC463660E68C7D9F55A9D1EFA3BD7A76A16AE1A810F95CE59B82A4D968A376DC2E8B44BBDD86B27B368CDE0ED548C7137DA860591A83706223A12CA712B4
310
7306DBF39C0A20A6DF95C7FAF670C6EED7A61F946493D1D6926782963813403548A78AE470DEF80D2D9CEAA26E4D1C76F60BFE74219A06527D6B82DF641A51616F703CAAC6A7160E08A00BEB4810A0274592A1B36E3675E36E978A0DE80727A0D6DF2D39A75BD27E0D8837276589537B40ABB56D5A41F48F1C6FCD3188C4EB
310
A6929D2FFB89CE995A4D00AE813BDD032DC48B56BD437DFDDC2DD7AED70C2272D63DE9A72068A45A92F0A4BE17A8A06B9366E16707AD80B1FC649459952097E74BB23805982B55E0401150A165964402AA8BDF9F3E7386BB686EDCA780C0D382E5392BF460A6EFB2C6EA1937D3F809B440D5F5435C4C5CF7A9EEFAF54564BD
310
2182DA24162F98680B4E7930C21A0079709CEAEB99A372305ABE0C0D7D6078105A83F6A0296DAEE1068A47DD1C55A9F4C9B2FC69E3EFD44B81028E963DF81B504B0304140006080000B670623B000000000000000000000000350000006662782F45374635344235342D363743322D343832342D383044432D433445464530
310
3536354442422F76657274696365732E62696E504B0304140006080800B670623BF270F1330600000004000000360000006662782F45374635344235342D363743322D343832342D383044432D4334454645303536354442422F747269616E676C65732E62696E636660600000504B0304140006080000B670623B00000000
310
0000000000000000370000006662782F45374635344235342D363743322D343832342D383044432D4334454645303536354442422F617474726962757465732E62696E504B0304140006080800B670623B08DA0BD19000000041010000360000006662782F45374635344235342D363743322D343832342D383044432D4334
310
454645303536354442422F6469726563746F72792E786D6C858F410AC3201045AF22B36F53E9A60B35CBEEBAE80D244E44489C6234F4F835464A48035D0DF398FF9F8AF63D0E6CC63039F212F8F9020C7D47C6792B21C5FE7403D62A1188E2E60C98D7234A5830286103A55745067B9D86B8A3CF9C7F90C11DE607FB144396
310
D7B6A82D282E9A152AD114D5EF2CB866EEE831B8EEA07A7BB5A8D7D61A2BAAEB7FD5F70921FF497D00504B0304140006080800B670623B6378F24DFF000000A00100003B0000006662782F45374635344235342D363743322D343832342D383044432D4334454645303536354442422F7265736F75726365732F636F72652E
310
786D6C8D504B6E833010BD0A9A6D65B0094E42641C85B639412F6099496225D8C89FAAC7AF09546A77DDCC8CDE47F3F4C4F16B7C149FE88371B603565228D06A37187BED20C50BD9437194C23B177FC9A0B06AC40E6618A4B87A97A615D2CE46B431A3D60DB8822A048C50E8473E3A08FA86A32A558A5911EEE5A4F45D5DB1
310
6465A6B34E8A107D0E502C4FE609D26370C96B0CA25A58295232C3AA3143FE692E063D485EF7F5AEE71BD2D2F39634AFFC44DAF7DD9E9CCE6F9CD25DCBFA762BAAD92C4534E34F46ED51451C40D694B6843142EB0FD61C283F34FC85EE0F948A6A96FF31A569F8A729191B37F51A77B105902C0779125254735F793DCBCC7B
310
EE567E03504B010214000A0000080000B670623B3DEE336E79000000790000001B00000000000000000000000000000000006175746F6465736B2D64657369676E2D7061636B6167652E786D6C504B01021400140006080800B670623BD486FD9CA0000000F40000001300000000000000000000000000B20000005B436F6E
310
74656E745F54797065735D2E786D6C504B01021400140006080800B670623BBC1638F5EC0000007C010000080000000000000000000000000083010000636F72652E786D6C504B01021400140006080800B670623B55019EA25F0000007C000000070000000000000000000000000095020000636E782E786D6C504B010214
310
00140006080800B670623B3586FFB671010000D40300000C00000000000000000000000000190300006662782F636F72652E786D6C504B01021400140006080800B670623B4220A0FF7D0000009D0000000B00000000000000000000000000B40400006662782F636E782E786D6C504B01021400140006080800B670623B2F
310
A3FEDE290100001202000031000000000000000000000000005A0500006662782F45374635344235342D363743322D343832342D383044432D4334454645303536354442422F636F72652E786D6C504B01021400140006080800B670623B1B8617914E010000330300003000000000000000000000000000D2060000666278
310
2F45374635344235342D363743322D343832342D383044432D4334454645303536354442422F636E782E786D6C504B01021400140006080800B670623B29652116630500003C10000034000000000000000000000000006E0800006662782F45374635344235342D363743322D343832342D383044432D4334454645303536
310
354442422F6F626A656374732E786D6C504B01021400140006080000B670623B0000000000000000000000003500000000000000000000000000230E00006662782F45374635344235342D363743322D343832342D383044432D4334454645303536354442422F76657274696365732E62696E504B01021400140006080800
310
B670623BF270F13306000000040000003600000000000000000000000000760E00006662782F45374635344235342D363743322D343832342D383044432D4334454645303536354442422F747269616E676C65732E62696E504B01021400140006080000B670623B0000000000000000000000003700000000000000000000
310
000000D00E00006662782F45374635344235342D363743322D343832342D383044432D4334454645303536354442422F617474726962757465732E62696E504B01021400140006080800B670623B08DA0BD190000000410100003600000000000000000000000000250F00006662782F45374635344235342D363743322D34
310
3832342D383044432D4334454645303536354442422F6469726563746F72792E786D6C504B01021400140006080800B670623B6378F24DFF000000A00100003B00000000000000000000000000091000006662782F45374635344235342D363743322D343832342D383044432D4334454645303536354442422F7265736F75
310
726365732F636F72652E786D6C504B0506000000000E000E0080040000611100000000
  0
XRECORD
  5
112
102
{ACAD_REACTORS
330
110
102
}
330
110
100
AcDbXrecord
280
     1
270
     1
271
     1
  0
XRECORD
  5
111
102
{ACAD_REACTORS
330
110
102
}
330
110
100
AcDbXrecord
280
     1
270
     1
271
     1
  0
XRECORD
  5
18A
102
{ACAD_REACTORS
330
110
102
}
330
110
100
AcDbXrecord
280
     1
 70
     0
 90
1778669749
  1
9BF507EE-FAF7-4A99-A33D-4EE51894BC40
310
504B03040A0000080000B670623B3DEE336E79000000790000001B0000006175746F6465736B2D64657369676E2D7061636B6167652E786D6C3C3F786D6C2076657273696F6E3D22312E302220656E636F64696E673D227574662D3822203F3E3C666F726D6174733E3C666F726D61743E687474703A2F2F736368656D612E
310
6175746F6465736B2E636F6D2F64657369676E2D7061636B6167652F323030393C2F666F726D61743E3C2F666F726D6174733E504B0304140006080800B670623BD486FD9CA0000000F4000000130000005B436F6E74656E745F54797065735D2E786D6C7D8EC10E82300C865F65E91D8A1E8C310C0EEA1BF002731658846E
310
D98AC1B77784ABF1D8FE5FBFBF75BBCE937A534CCEB38643598122B6FEE978D0B0485F9C41B54DDD7D022595594E1A469170414C76A4D9A4D207E29CF43ECE46F218070CC6BECC4078ACAA135ACF422C856C0E68EA1BF5669944DDD7BCDE7B1F8E415D77AECB980613C2E4AC91FC167A2B244592486606FC29C8FD7F045B9A
310
EF7053A7E60B504B0304140006080800B670623BCA089DFFEC0000007C01000008000000636F72652E786D6C8D90416E83301045AF62CDB632D8402020E32882F604BD80653BC44AB011B6AB1EBF262152BBEB6A467FFE9B197D76FA9EEFE84BAFDE38DB03CD08206DA553C64E3DC470C1474027CE56E7C22F1B202B66DDC3
310
260367D3EAE2B24BD2D9A06D48AA754AEFA2F05E0740F29E9A1EBCBCEA59642286E4F0B76C11F226269DD15797E0188D42CF2346A57DE662F40ABCAEC77628C6120F654571D50C04B7F5B9C1E3997CD4F550BE3745C3F20DE62C98F9755FAE5A04AD801784B498524C8A4F5A75E4D055873772EC0861F966FF03C545FD138A
310
C686B2D8DF7D621E384D8F3C069CE55B16A93C824A75CB8DFF00504B0304140006080800B670623B55019EA25F0000007C00000007000000636E782E786D6C4DCB3B0E80201045D1AD90E915ED2CF8AC45050C11660C8261F98AB1B07AC9C97D42D718D865D3E909258CFD00CCE24AC6E326A164D74DC0B4128928FF326038
310
472BA13128B1252AC747C6BAB984FC68F0B87FE8960A5C09FE86CFB69FBA01504B0304140006080800B670623B68FC0B7272010000D40300000C0000006662782F636F72652E786D6CC5535B6E833010BC8AE5DF0A6C1E8124328E22D29EA01770C0A128602363A31CBFCB234A53A555FA553EC09AD9F5CE8C31DB5DDA060D
310
D2F4B556190E7C8A9154852E6B5565D8D993B7C668C799D1DA7E29C3488956667884316795D1AE5BA0422B2B950554E9522EA0E87B69312A1A5864B82F3E642B7CE12C54F467BF13C55954D20F7CA0A18EB3DE1A1080E621E31BF3D3F1C2C88C73E65C5D2E6C5DC2B4FA544B8379921C36797888BC3C8A032F4E73EA6D927D
310
EA1DF6F42D49F2E8350D5346C666CE6CDD5ED515460A2B4BCC434A375E1078347C0FE22D5D6DE3D50B5D6F2965642CBF6B725DF96493AB958DC245EEDCD6631E809089F8E61622B2A81703E8219C913144F84C09DF070D8140C8561C9BAB8F3340832CAC363130A576376A108D933095FA747AD0CF0B46E64E983A6D0EAE1F
310
CE089F9EF1FB8E70D44255604258581E9D1D75B259C3125A278D37D80B52DAB4A279CEC62F0EFF44DDC43F9454E8469BFF5244960322CBEF41C6FBC83F01504B0304140006080800B670623B0F71DDB67E0000009D0000000B0000006662782F636E782E786D6C4DCCD10A83201886E15B91FFDCA54DB73F502386BB8F5816
310
32D3703976F9ABD1C18E3E78F87855FB990379BBFCF2296AE02706C4C5471A7C9C349475A408A4352AA7B4FEDD80C47E761A7606A3A69CCA72D0E0C6BE8475D3E0E3F3409428EA6B27A84079A782899AA2EC1A7AE3ECCC2FD858CB2D544655BFD2B67BD87C01504B0304140006080800B670623BE134B4FB28010000120200
310
00310000006662782F38353834323741342D343835462D343034322D383541392D4331303331363839454531452F636F72652E786D6C8D515B6EC32010BC0AE22B55850D0EA424C24451959EA0172086A42831583CAA1CBF503B52FB971F16CDCECC0EACD8DFC71BF836215AEF7A481A0C817183D7D65D7A98D3197108F652
310
04EFD31F1A044E8DA6871586525C82CFD3020DDE25E352419DD76601558C264130DCCAA58771F832A36A544E8511AFCDA486ABBA988634A55D7852C4144A00300FA927949C71DABD1D28A29C7D208A6987383B6CD13BC16BB2E1DBE3911C453B0BA5C8D9EA456E758963CFD684674DAA588A64C747FC2118958C86B2C3788B
310
0841B8FB247487D98EB257CC77188BB6D2FF89F2A49F1465EBD2BA5BE2CEB2082511EDDC9042FB7CBA3DC298FBE4430275DE2A9AE1054ADC60CC08E3A29D89E5F9C5714317C7987C28DFBBBA9E0A97B0D97643A568EB864AF95D5FA9759BF207504B0304140006080800B670623B1B8617914E010000330300003000000066
310
62782F38353834323741342D343835462D343034322D383541392D4331303331363839454531452F636E782E786D6CD593C16EC32010447F0571AD6CE3D489D20813A9877E410FBD62D82434182CC055F3F75D1292E692438FBD206B7698593D61BEFD1E2DF982108D773D6D6B460938E5B571FB9ECE6957AD29D90A1EBC4F
310
77364A9C1CA1A759A682EF839FA72269D8C9D92654AD71C72206887E0E0A22CAF926B15E498B01E0AA19451807D01A34B919F16B070157417138917400F2F6FA41FCF0092A45DEE414C19BDC21783E4BD39D891265658C3D8DEA00A3ACE59CBC8678ACB54CB26EEB6BD7839D7E9348BE70AD9C8321B9BCA7F9A4A26C542347
310
DEE050F09802D22BA6749A800A394DD62899107273365E3C82CFC6A55557BC06C10774B7ABE7AEC3B0F34CF06446280E154026D0542C187BA9DAB6628BF7B6DBB0E5A65B3EB1F58631DE64BBE083F7B65CC218087E22CABB042E51D1F2268F1FE12B3EA24D40D63E9CFE00120194D60B9D5BC67FE6D39CDF37E20AF817881F
310
504B0304140006080800B670623B5933D422630500003B100000340000006662782F38353834323741342D343835462D343034322D383541392D4331303331363839454531452F6F626A656374732E786D6CAD575B6FA33814FE2B887D0642934E9B156594264D158D3A534DD4D13E548A0C38942D60649B4EBABF7E3F8321
310
40924EF6928780CDF1B97EE762EFF32E4B8D37CA45C2F21BD3B547A641F39045491EDF98A5DC5AD7A6F1D9F73863B243661A39C9E88DA9B64DDF8B392B0BBD15D12D295339D85DDEFE618890E6D434C2940871638AF08566C426A5641115AF764424B1E3EDCE76ED9AB0CF36E6A47819302D08A7B984A6D8CFC1C5A89572FB
310
CB91E9F89EA3BEFB9EFAD754E3D3544E654F5F7E920B49F2F040D880CDD89D2CEE2E2EA7D6E56432B6269F2E5CEB7679BBB0DCABF168FE693E9FCEEEA6102C240727AD09A75BD3BF876F78127A4EFDA9D5582B7E4CA590E5390D2BFB6161A5B3E618D182E611E2985001691DAB47FDA5AB7CD3F93C566B2DB2BB7D9E55DD13
310
1D468DEECDB3AB290BFE8409E21C54704115AA6AFF68436BFC8DF65E0B184BF5B74418199194272435D224E084BF9B3E481589EFF5D828747285706581E9BB7B7E5D5D911ABFC6EE312DB7659A2A689A7E85EC0DF04FA5A8344BFEA2FCB834E8845895492EAFB541F2BDA0A63FF59C6AD3F7D4637CA13FD68E34B629891172
310
98597F1D183A57B9B75A98FE9765B05BAB7C3C2EBCE0ACA05C2AF8005A4DE09AA7F29216EB9E15397500C6F47CBE77CA7778FE2BD277AF0AE2C693DD6437D1522427B9D8329E2136F6A8FA19A3E6C56ADF0E5F50CF06D48734EDCEBF22F69C56D97EC138153F804B85E6FABFC7AFEFB32E523BE1F3BD372418E363EDCA7548
310
52949E8724474014288D94610BB57C1BEC4C7F854A89CA8E5324F55B871CBC78CE1BBEE3BFE68D6A5589EF3C730474506FCFA8FCF0659516D0ED04580EEA6425581B77CAE797FF4BCECC16EB2FEB926F49481F746159D06D922712BD730FDEAE42BD40F42C7AA5EF3F198F60E86110D6DD20645A9480B795CF95E3E3A659A8
310
C55E724F408873315335CFFB8584874484344D494E59D94869DB90C26A5B64F49C802CAC1D3ABE18A098D3B7444D123D8A9E5AE8F5214F0AE5B2B6E9B575DA3E61CBD3EA2B4009FA940524DD1305FB6A1FB294F14DF0BEA90BA109ECE1481FDC3FFAE8D60E75141700BE82725371B4873751B2DD960265F788137FACE6DD40
310
B575E4F0A5C99F46629D92131467A41EE11ABD8D4CCC039CA0AFB37C93A08B232B8F0AEFCA1E0A1015DF13FC83322B362463652ECF71D3A8B1A7D1BE65DE1D62C44F22C317D35F574FEB16153BA2D13E543D10A80E74C4A65E78A6B7CBCBD1D5DD9DB59C2DAFACC96C3AB566E3F1C29ADCDD5DBAD7D3C9ED7C822ED74F80A6
310
41755310DE4443F44A9E68373FADF6596BFA0F440AE7BECE2727AE9F4F2B1B53B1E7E00CF0DD1E5C65454A339A4BA2D0FBA05ED2EF0443458F47BDBFCA484CCFE0F2ED7E3DD0013B679C7B5499467F0ECEEADDB9CA85A34CE44B99053949D2C1416DB85DE4B136BB7165FBAC0B7AB3542BED4F8CA182A549847A1319316519
310
95A83A67147B9E5101C47487F2485F1ECE38FD568F839204296D3479219888530154036E6528FBFBC66F98E0D4107563A2D7D9AFF8D389681A08F58D89F22693900A3B407754734FC51C10C010D6D640809EE4718AC1BA3ED4AEDB53CA37283F68805A7E4B72CEB0A4EDEAD5DD8C14059A76AFAA56BA6901E13F32BC51C720
310
12AF41295B5BF61BAD3195181FB506E6B40F4C10AF5AF40EF9F5B159AE5DD1F43C72D635E94310D45C2D49785C5D0B94D3B54AB3C5A38349C0587D338AB48C11CBF339599C02CCA54A70A008A8D03C0B2201D5F9EFCF8F9CE12A9A19CB0410789EB32C63B95ECCF455D658BFE0621A3DA32C5075FB101723D77DAE867E7D0F
310
D90444509B44E2151B4DC2290B065803200FBAA9BE9D392A0603F2D5C2D00D6302A615680F66D2FA166E2079D4C551A54AB758161FCEFD4E450A14704CECFEDF504B0304140006080000B670623B000000000000000000000000350000006662782F38353834323741342D343835462D343034322D383541392D4331303331
310
363839454531452F76657274696365732E62696E504B0304140006080800B670623BF270F1330600000004000000360000006662782F38353834323741342D343835462D343034322D383541392D4331303331363839454531452F747269616E676C65732E62696E636660600000504B0304140006080000B670623B000000
310
000000000000000000370000006662782F38353834323741342D343835462D343034322D383541392D4331303331363839454531452F617474726962757465732E62696E504B0304140006080800B670623B08DA0BD19000000041010000360000006662782F38353834323741342D343835462D343034322D383541392D43
310
31303331363839454531452F6469726563746F72792E786D6C858F410AC3201045AF22B36F53E9A60B35CBEEBAE80D244E44489C6234F4F835464A48035D0DF398FF9F8AF63D0E6CC63039F212F8F9020C7D47C6792B21C5FE7403D62A1188E2E60C98D7234A5830286103A55745067B9D86B8A3CF9C7F90C11DE607FB1443
310
96D7B6A82D282E9A152AD114D5EF2CB866EEE831B8EEA07A7BB5A8D7D61A2BAAEB7FD5F70921FF497D00504B0304140006080800B670623BD9A3B367FE000000A00100003B0000006662782F38353834323741342D343835462D343034322D383541392D4331303331363839454531452F7265736F75726365732F636F7265
310
2E786D6C8D504B6E833010BD0A9A6D65B01D0201194711694FD00B586642AD043BF2A7EAF16B122AB5BB6E6646EFA3797AE2F8B5DC8A4FF4C1383B002B291468B59B8C9D0748F1420E501CA5F0CEC55F3228AC5A708015062966EFD27D83B4B3116DCCA875136EA00A012314FA968F0182FEC045952AC5AC08D7F2AEF455CD
310
58B232D3592745883E07289E4FD609D26370C96B0CA27AB252A464A64D63A6FCD35C0C7A904D73EE467EE664DCD58CD4ED4849D79C5A723ED1B7A61977AF2D6F45B59AA58866F9C9A83DAA8813484E6947182394BFB3BAA7FBBEDEBFD0434FA9A856F91F53BA4FFF342563E38E6F719FB60092E5200F428A6AED2BAF479979
310
AFDDCA6F504B010214000A0000080000B670623B3DEE336E79000000790000001B00000000000000000000000000000000006175746F6465736B2D64657369676E2D7061636B6167652E786D6C504B01021400140006080800B670623BD486FD9CA0000000F40000001300000000000000000000000000B20000005B436F6E
310
74656E745F54797065735D2E786D6C504B01021400140006080800B670623BCA089DFFEC0000007C010000080000000000000000000000000083010000636F72652E786D6C504B01021400140006080800B670623B55019EA25F0000007C000000070000000000000000000000000095020000636E782E786D6C504B010214
310
00140006080800B670623B68FC0B7272010000D40300000C00000000000000000000000000190300006662782F636F72652E786D6C504B01021400140006080800B670623B0F71DDB67E0000009D0000000B00000000000000000000000000B50400006662782F636E782E786D6C504B01021400140006080800B670623BE1
310
34B4FB280100001202000031000000000000000000000000005C0500006662782F38353834323741342D343835462D343034322D383541392D4331303331363839454531452F636F72652E786D6C504B01021400140006080800B670623B1B8617914E010000330300003000000000000000000000000000D3060000666278
310
2F38353834323741342D343835462D343034322D383541392D4331303331363839454531452F636E782E786D6C504B01021400140006080800B670623B5933D422630500003B10000034000000000000000000000000006F0800006662782F38353834323741342D343835462D343034322D383541392D4331303331363839
310
454531452F6F626A656374732E786D6C504B01021400140006080000B670623B0000000000000000000000003500000000000000000000000000240E00006662782F38353834323741342D343835462D343034322D383541392D4331303331363839454531452F76657274696365732E62696E504B01021400140006080800
310
B670623BF270F13306000000040000003600000000000000000000000000770E00006662782F38353834323741342D343835462D343034322D383541392D4331303331363839454531452F747269616E676C65732E62696E504B01021400140006080000B670623B0000000000000000000000003700000000000000000000
310
000000D10E00006662782F38353834323741342D343835462D343034322D383541392D4331303331363839454531452F617474726962757465732E62696E504B01021400140006080800B670623B08DA0BD190000000410100003600000000000000000000000000260F00006662782F38353834323741342D343835462D34
310
3034322D383541392D4331303331363839454531452F6469726563746F72792E786D6C504B01021400140006080800B670623BD9A3B367FE000000A00100003B000000000000000000000000000A1000006662782F38353834323741342D343835462D343034322D383541392D4331303331363839454531452F7265736F75
310
726365732F636F72652E786D6C504B0506000000000E000E0080040000611100000000
  0
XRECORD
  5
113
102
{ACAD_REACTORS
330
110
102
}
330
110
100
AcDbXrecord
280
     1
270
     1
271
     1
  0
XRECORD
  5
114
102
{ACAD_REACTORS
330
110
102
}
330
110
100
AcDbXrecord
280
     1
270
     1
271
     1
  0
CELLSTYLEMAP
  5
A54
102
{ACAD_REACTORS
330
104
102
}
330
104
100
AcDbCellStyleMap
 90
        3
300
CELLSTYLE
  1
TABLEFORMAT_BEGIN
 90
        5
170
     1
 91
        0
 92
    32768
 62
   257
 93
        1
300
CONTENTFORMAT
  1
CONTENTFORMAT_BEGIN
 90
        0
 91
        0
 92
      512
 93
        0
300

 40
0.0
140
1.0
 94
        5
 62
     0
340
11
144
0.25
309
CONTENTFORMAT_END
171
     1
301
MARGIN
  1
CELLMARGIN_BEGIN
 40
0.06
 40
0.06
 40
0.06
 40
0.06
 40
0.18
 40
0.18
309
CELLMARGIN_END
 94
        6
 95
        1
302
GRIDFORMAT
  1
GRIDFORMAT_BEGIN
 90
        0
 91
        1
 62
     0
 92
       -2
340
0
 93
        0
 40
0.045
309
GRIDFORMAT_END
 95
        2
302
GRIDFORMAT
  1
GRIDFORMAT_BEGIN
 90
        0
 91
        1
 62
     0
 92
       -2
340
0
 93
        0
 40
0.045
309
GRIDFORMAT_END
 95
        4
302
GRIDFORMAT
  1
GRIDFORMAT_BEGIN
 90
        0
 91
        1
 62
     0
 92
       -2
340
0
 93
        0
 40
0.045
309
GRIDFORMAT_END
 95
        8
302
GRIDFORMAT
  1
GRIDFORMAT_BEGIN
 90
        0
 91
        1
 62
     0
 92
       -2
340
0
 93
        0
 40
0.045
309
GRIDFORMAT_END
 95
       16
302
GRIDFORMAT
  1
GRIDFORMAT_BEGIN
 90
        0
 91
        1
 62
     0
 92
       -2
340
0
 93
        0
 40
0.045
309
GRIDFORMAT_END
 95
       32
302
GRIDFORMAT
  1
GRIDFORMAT_BEGIN
 90
        0
 91
        1
 62
     0
 92
       -2
340
0
 93
        0
 40
0.045
309
GRIDFORMAT_END
309
TABLEFORMAT_END
  1
CELLSTYLE_BEGIN
 90
        1
 91
        1
300
_TITLE
309
CELLSTYLE_END
300
CELLSTYLE
  1
TABLEFORMAT_BEGIN
 90
        5
170
     1
 91
        0
 92
        0
 62
   257
 93
        1
300
CONTENTFORMAT
  1
CONTENTFORMAT_BEGIN
 90
        0
 91
        0
 92
      512
 93
        0
300

 40
0.0
140
1.0
 94
        5
 62
     0
340
11
144
0.18
309
CONTENTFORMAT_END
171
     1
301
MARGIN
  1
CELLMARGIN_BEGIN
 40
0.06
 40
0.06
 40
0.06
 40
0.06
 40
0.18
 40
0.18
309
CELLMARGIN_END
 94
        6
 95
        1
302
GRIDFORMAT
  1
GRIDFORMAT_BEGIN
 90
        0
 91
        1
 62
     0
 92
       -2
340
0
 93
        0
 40
0.045
309
GRIDFORMAT_END
 95
        2
302
GRIDFORMAT
  1
GRIDFORMAT_BEGIN
 90
        0
 91
        1
 62
     0
 92
       -2
340
0
 93
        0
 40
0.045
309
GRIDFORMAT_END
 95
        4
302
GRIDFORMAT
  1
GRIDFORMAT_BEGIN
 90
        0
 91
        1
 62
     0
 92
       -2
340
0
 93
        0
 40
0.045
309
GRIDFORMAT_END
 95
        8
302
GRIDFORMAT
  1
GRIDFORMAT_BEGIN
 90
        0
 91
        1
 62
     0
 92
       -2
340
0
 93
        0
 40
0.045
309
GRIDFORMAT_END
 95
       16
302
GRIDFORMAT
  1
GRIDFORMAT_BEGIN
 90
        0
 91
        1
 62
     0
 92
       -2
340
0
 93
        0
 40
0.045
309
GRIDFORMAT_END
 95
       32
302
GRIDFORMAT
  1
GRIDFORMAT_BEGIN
 90
        0
 91
        1
 62
     0
 92
       -2
340
0
 93
        0
 40
0.045
309
GRIDFORMAT_END
309
TABLEFORMAT_END
  1
CELLSTYLE_BEGIN
 90
        2
 91
        1
300
_HEADER
309
CELLSTYLE_END
300
CELLSTYLE
  1
TABLEFORMAT_BEGIN
 90
        5
170
     1
 91
        0
 92
        0
 62
   257
 93
        1
300
CONTENTFORMAT
  1
CONTENTFORMAT_BEGIN
 90
        0
 91
        0
 92
      512
 93
        0
300

 40
0.0
140
1.0
 94
        2
 62
     0
340
11
144
0.18
309
CONTENTFORMAT_END
171
     1
301
MARGIN
  1
CELLMARGIN_BEGIN
 40
0.06
 40
0.06
 40
0.06
 40
0.06
 40
0.18
 40
0.18
309
CELLMARGIN_END
 94
        6
 95
        1
302
GRIDFORMAT
  1
GRIDFORMAT_BEGIN
 90
        0
 91
        1
 62
     0
 92
       -2
340
0
 93
        0
 40
0.045
309
GRIDFORMAT_END
 95
        2
302
GRIDFORMAT
  1
GRIDFORMAT_BEGIN
 90
        0
 91
        1
 62
     0
 92
       -2
340
0
 93
        0
 40
0.045
309
GRIDFORMAT_END
 95
        4
302
GRIDFORMAT
  1
GRIDFORMAT_BEGIN
 90
        0
 91
        1
 62
     0
 92
       -2
340
0
 93
        0
 40
0.045
309
GRIDFORMAT_END
 95
        8
302
GRIDFORMAT
  1
GRIDFORMAT_BEGIN
 90
        0
 91
        1
 62
     0
 92
       -2
340
0
 93
        0
 40
0.045
309
GRIDFORMAT_END
 95
       16
302
GRIDFORMAT
  1
GRIDFORMAT_BEGIN
 90
        0
 91
        1
 62
     0
 92
       -2
340
0
 93
        0
 40
0.045
309
GRIDFORMAT_END
 95
       32
302
GRIDFORMAT
  1
GRIDFORMAT_BEGIN
 90
        0
 91
        1
 62
     0
 92
       -2
340
0
 93
        0
 40
0.045
309
GRIDFORMAT_END
309
TABLEFORMAT_END
  1
CELLSTYLE_BEGIN
 90
        3
 91
        2
300
_DATA
309
CELLSTYLE_END
  0
ENDSEC
  0
SECTION
  2
ACDSDATA
 70
     2
 71
     8
  0
ACDSSCHEMA
 90
        0
  1
AcDb_Thumbnail_Schema
  2
AcDbDs::ID
280
    10
 91
        8
  2
Thumbnail_Data
280
    15
 91
        0
101
ACDSRECORD
 95
        0
 90
        1
  2
AcDbDs::TreatedAsObjectData
280
     1
291
     1
101
ACDSRECORD
 95
        0
 90
        2
  2
AcDbDs::Legacy
280
     1
291
     1
101
ACDSRECORD
  1
AcDbDs::ID
 90
        3
  2
AcDs:Indexable
280
     1
291
     1
101
ACDSRECORD
  1
AcDbDs::ID
 90
        4
  2
AcDbDs::HandleAttribute
280
     7
282
     1
  0
ACDSSCHEMA
 90
        1
  1
AcDbDs::TreatedAsObjectDataSchema
  2
AcDbDs::TreatedAsObjectData
280
     1
 91
        0
  0
ACDSSCHEMA
 90
        2
  1
AcDbDs::LegacySchema
  2
AcDbDs::Legacy
280
     1
 91
        0
  0
ACDSSCHEMA
 90
        3
  1
AcDbDs::IndexedPropertySchema
  2
AcDs:Indexable
280
     1
 91
        0
  0
ACDSSCHEMA
 90
        4
  1
AcDbDs::HandleAttributeSchema
  2
AcDbDs::HandleAttribute
280
     7
 91
        1
284
     1
  0
ACDSRECORD
 90
        0
  2
AcDbDs::ID
280
    10
320
22
  2
Thumbnail_Data
280
    15
 94
     1000
310
89504E470D0A1A0A0000000D494844520000010000000084080300000048FA052E00000300504C5445C0C0C0FFFFFFC0C0C00000000000000000000000000000000000000000000000000000330000660000990000CC0000FF0033000033330033660033990033CC0033FF0066000066330066660066990066CC0066FF0099
310
000099330099660099990099CC0099FF00CC0000CC3300CC6600CC9900CCCC00CCFF00FF0000FF3300FF6600FF9900FFCC00FFFF3300003300333300663300993300CC3300FF3333003333333333663333993333CC3333FF3366003366333366663366993366CC3366FF3399003399333399663399993399CC3399FF33CC00
310
33CC3333CC6633CC9933CCCC33CCFF33FF0033FF3333FF6633FF9933FFCC33FFFF6600006600336600666600996600CC6600FF6633006633336633666633996633CC6633FF6666006666336666666666996666CC6666FF6699006699336699666699996699CC6699FF66CC0066CC3366CC6666CC9966CCCC66CCFF66FF0066
310
FF3366FF6666FF9966FFCC66FFFF9900009900339900669900999900CC9900FF9933009933339933669933999933CC9933FF9966009966339966669966999966CC9966FF9999009999339999669999999999CC9999FF99CC0099CC3399CC6699CC9999CCCC99CCFF99FF0099FF3399FF6699FF9999FFCC99FFFFCC0000CC00
310
33CC0066CC0099CC00CCCC00FFCC3300CC3333CC3366CC3399CC33CCCC33FFCC6600CC6633CC6666CC6699CC66CCCC66FFCC9900CC9933CC9966CC9999CC99CCCC99FFCCCC00CCCC33CCCC66CCCC99CCCCCCCCCCFFCCFF00CCFF33CCFF66CCFF99CCFFCCCCFFFFFF0000FF0033FF0066FF0099FF00CCFF00FFFF3300FF3333
310
FF3366FF3399FF33CCFF33FFFF6600FF6633FF6666FF6699FF66CCFF66FFFF9900FF9933FF9966FF9999FF99CCFF99FFFFCC00FFCC33FFCC66FFCC99FFCCCCFFCCFFFFFF00FFFF33FFFF66FFFF99FFFFCCFFFFFF0000000D0D0D1A1A1A2828283535354343435050505D5D5D6B6B6B787878868686939393A1A1A1AEAEAEBB
310
BBBBC9C9C9D6D6D6E4E4E4F1F1F1FFFFFF000000000000000000000000000000000000000000000000000000000000AC83B75A000000A34944415478DAEDD6410A83400C05D0DCFFA83985A520588B25BA2864F2DE46D1D5FF3319260200000000000000000000000000000000000000E08E7C7B3DC7C6DF5B189AFFD4C4D8
310
FC9FEF13F3C7C053E0BCE6D3F6C077DE951AC8836AFE851AC8C2E996D5569AC7BF4C95B16A03C5D9BE3119DDF35F7C2B9C1E1D6F47D5892F466B5741167FD47335DD083FB7460EBEF82FB39E8F2F47010000000000000000FCDB06DE3F76D5B5D288030000000049454E44AE426082
  0
ENDSEC
  0
EOF
